PRAGMA foreign_keys=OFF;
BEGIN TRANSACTION;
CREATE TABLE moz_origins ( id INTEGER PRIMARY KEY, prefix TEXT NOT NULL, host TEXT NOT NULL, frecency INTEGER NOT NULL, UNIQUE (prefix, host) );
INSERT INTO moz_origins VALUES(1,'https://','support.mozilla.org',140);
INSERT INTO moz_origins VALUES(2,'https://','www.mozilla.org',280);
INSERT INTO moz_origins VALUES(3,'http://','www.debian.org',140);
INSERT INTO moz_origins VALUES(4,'https://','www.exploit-db.com',143);
INSERT INTO moz_origins VALUES(5,'https://','www.shodan.io',144);
INSERT INTO moz_origins VALUES(6,'https://','images.google.es',143);
INSERT INTO moz_origins VALUES(7,'https://','archive.org',143);
INSERT INTO moz_origins VALUES(8,'https://','dnsdumpster.com',143);
INSERT INTO moz_origins VALUES(9,'https://','ipinfo.io',143);
INSERT INTO moz_origins VALUES(10,'https://','spyse.com',143);
INSERT INTO moz_origins VALUES(11,'https://','osintframework.com',143);
CREATE TABLE moz_places (   id INTEGER PRIMARY KEY, url LONGVARCHAR, title LONGVARCHAR, rev_host LONGVARCHAR, visit_count INTEGER DEFAULT 0, hidden INTEGER DEFAULT 0 NOT NULL, typed INTEGER DEFAULT 0 NOT NULL, frecency INTEGER DEFAULT -1 NOT NULL, last_visit_date INTEGER , guid TEXT, foreign_count INTEGER DEFAULT 0 NOT NULL, url_hash INTEGER DEFAULT 0 NOT NULL , description TEXT, preview_image_url TEXT, origin_id INTEGER REFERENCES moz_origins(id));
INSERT INTO moz_places VALUES(1,'https://support.mozilla.org/es-ES/products/firefox',NULL,'gro.allizom.troppus.',0,0,0,137,NULL,'D8eiro0_hRhy',1,47358497311954,NULL,NULL,1);
INSERT INTO moz_places VALUES(2,'https://www.mozilla.org/es-ES/contribute/',NULL,'gro.allizom.www.',0,0,0,137,NULL,'-2pEj2VV1M3G',1,47359268356403,NULL,NULL,2);
INSERT INTO moz_places VALUES(3,'https://www.mozilla.org/es-ES/about/',NULL,'gro.allizom.www.',0,0,0,137,NULL,'s_c3_Sq9Q8zg',1,47358639445863,NULL,NULL,2);
INSERT INTO moz_places VALUES(4,'http://www.debian.org/',NULL,'gro.naibed.www.',0,0,0,137,NULL,'Yr1IAEfSsesb',1,125508165346216,NULL,NULL,3);
INSERT INTO moz_places VALUES(5,'https://www.exploit-db.com/google-hacking-database','Google Hacking Database (GHDB) - Google Dorks, OSINT, Recon','moc.bd-tiolpxe.www.',0,0,0,140,NULL,'N1KpQHLbDQta',2,47359107925306,'The GHDB is an index of search queries (we call them dorks) used to find publicly available information, intended for pentesters and security researchers.',NULL,4);
INSERT INTO moz_places VALUES(6,'https://www.shodan.io/','Shodan Search Engine','oi.nadohs.www.',0,0,0,140,NULL,'LMT2MnGMnxJM',2,47357435174161,'Search engine of Internet-connected devices. Create a free account to get started.','https://www.shodan.io/static/img/opengraph.png',5);
INSERT INTO moz_places VALUES(7,'https://images.google.es/?gws_rd=ssl','Imágenes de Google','se.elgoog.segami.',0,0,0,140,NULL,'8xQuGsk01HMB',2,47359874331728,'Imágenes de Google. La búsqueda de imágenes más completa de la Web.',NULL,6);
INSERT INTO moz_places VALUES(8,'https://archive.org/','Internet Archive: Digital Library of Free & Borrowable Books, Movies, Music & Wayback Machine','gro.evihcra.',0,0,0,140,NULL,'Oeu8pRoFG-2M',2,47358558026662,NULL,NULL,7);
INSERT INTO moz_places VALUES(9,'https://dnsdumpster.com/','DNSdumpster.com - dns recon and research, find and lookup dns records','moc.retspmudsnd.',0,0,0,140,NULL,'7elU4Vkuh_IX',3,47357120481866,'Find dns records in order to identify the Internet footprint of an organization. Recon that enables deeper security assessments and discovery of the attack surface.',NULL,8);
INSERT INTO moz_places VALUES(10,'https://ipinfo.io/','Comprehensive IP address data, IP geolocation API and database - IPinfo.io','oi.ofnipi.',0,0,0,140,NULL,'4ol1Ky3JFIAh',2,47359356095200,'We''re the trusted source for IP address information, handling 40 billion IP geolocation API requests per month for over 1,000 businesses and 100,000+ developers','https://ipinfo.io/static/images/og_logo.png',9);
INSERT INTO moz_places VALUES(11,'https://spyse.com/','Spyse — Internet Assets Search Engine','moc.esyps.',0,0,0,140,NULL,'sS-XvT2MrtXT',2,47356783197015,'Spyse is a search engine built for a quick cyber intelligence of IT infrastructures, networks, and even the smallest parts of the internet.','https://spyse.com/meta/spyse-og-v2.png',10);
INSERT INTO moz_places VALUES(12,'https://osintframework.com/','OSINT Framework','moc.krowemarftniso.',0,0,0,140,NULL,'l0_QjVLJMRgg',2,47360543268800,NULL,NULL,11);
CREATE TABLE moz_historyvisits (  id INTEGER PRIMARY KEY, from_visit INTEGER, place_id INTEGER, visit_date INTEGER, visit_type INTEGER, session INTEGER);
CREATE TABLE moz_inputhistory (  place_id INTEGER NOT NULL, input LONGVARCHAR NOT NULL, use_count INTEGER, PRIMARY KEY (place_id, input));
CREATE TABLE moz_bookmarks (  id INTEGER PRIMARY KEY, type INTEGER, fk INTEGER DEFAULT NULL, parent INTEGER, position INTEGER, title LONGVARCHAR, keyword_id INTEGER, folder_type TEXT, dateAdded INTEGER, lastModified INTEGER, guid TEXT, syncStatus INTEGER NOT NULL DEFAULT 0, syncChangeCounter INTEGER NOT NULL DEFAULT 1);
INSERT INTO moz_bookmarks VALUES(1,2,NULL,0,0,'',NULL,NULL,1627033069197000,1627033645652000,'root________',1,1);
INSERT INTO moz_bookmarks VALUES(2,2,NULL,1,0,'menu',NULL,NULL,1627033069197000,1627033222262000,'menu________',1,6);
INSERT INTO moz_bookmarks VALUES(3,2,NULL,1,1,'toolbar',NULL,NULL,1627033069197000,1627033645652000,'toolbar_____',1,8);
INSERT INTO moz_bookmarks VALUES(4,2,NULL,1,2,'tags',NULL,NULL,1627033069197000,1627033127611000,'tags________',1,3);
INSERT INTO moz_bookmarks VALUES(5,2,NULL,1,3,'unfiled',NULL,NULL,1627033069197000,1627033127544000,'unfiled_____',1,1);
INSERT INTO moz_bookmarks VALUES(6,2,NULL,1,4,'mobile',NULL,NULL,1627033069210000,1627033127544000,'mobile______',1,1);
INSERT INTO moz_bookmarks VALUES(7,2,NULL,2,0,'Mozilla Firefox',NULL,NULL,1622543807538000,1626104014789000,'S5qPSj8u21hL',1,1);
INSERT INTO moz_bookmarks VALUES(8,1,1,7,0,'Obtener ayuda',NULL,NULL,1622543807538000,1622543807538000,'-zi4XhvEEnXA',1,1);
INSERT INTO moz_bookmarks VALUES(9,1,2,7,1,'¡Involúcrese!',NULL,NULL,1622543807538000,1622543807538000,'Y4yl0h6cr-rd',1,1);
INSERT INTO moz_bookmarks VALUES(10,1,3,7,2,'Acerca de nosotros',NULL,NULL,1622543807538000,1622543807538000,'yIuPosG2Tbq9',1,1);
INSERT INTO moz_bookmarks VALUES(11,2,NULL,2,1,'Ubuntu and Free Software links',NULL,NULL,1622543807538000,1626104017856000,'HAJbgZNmrGrx',1,1);
INSERT INTO moz_bookmarks VALUES(12,1,4,11,0,'Debian (Ubuntu is based on Debian)',NULL,NULL,1622543807538000,1622543807538000,'4cB4BE7Au2jw',1,1);
INSERT INTO moz_bookmarks VALUES(18,2,NULL,4,0,'osint',NULL,NULL,1627033127598000,1627033165343000,'6mQrdFj8cRgK',1,9);
INSERT INTO moz_bookmarks VALUES(19,1,5,18,0,NULL,NULL,NULL,1627033127599000,1627033165338000,'iqjXWqLHmKQN',1,4);
INSERT INTO moz_bookmarks VALUES(20,1,6,18,1,NULL,NULL,NULL,1627033127602000,1627033165339000,'7mRUgYKggCL7',1,4);
INSERT INTO moz_bookmarks VALUES(21,1,7,18,2,NULL,NULL,NULL,1627033127604000,1627033165339000,'-3UlBqc7PZL0',1,4);
INSERT INTO moz_bookmarks VALUES(22,1,8,18,3,NULL,NULL,NULL,1627033127605000,1627033165340000,'LbmItcuzkpML',1,4);
INSERT INTO moz_bookmarks VALUES(23,1,9,18,4,NULL,NULL,NULL,1627033127609000,1627033165340000,'z-pusxZxdTcl',1,5);
INSERT INTO moz_bookmarks VALUES(24,2,NULL,4,1,'web',NULL,NULL,1627033127611000,1627033127611000,'CW3ySl7iGWtz',1,2);
INSERT INTO moz_bookmarks VALUES(25,1,9,24,0,NULL,NULL,NULL,1627033127611000,1627033127611000,'0paVmmcOgNZh',1,3);
INSERT INTO moz_bookmarks VALUES(33,2,NULL,3,0,'Herramientas OSINT',NULL,NULL,1626940490000000,1627033189315000,'fqqk0v2vmIHz',1,2);
INSERT INTO moz_bookmarks VALUES(34,1,5,33,0,'Google Hacking Database (GHDB) - Google Dorks, OSINT, Recon',NULL,NULL,1626172257000000,1626940508000000,'lsjPypYUNZaB',1,2);
INSERT INTO moz_bookmarks VALUES(35,1,6,33,1,'Shodan Search Engine',NULL,NULL,1626173229000000,1626940511000000,'xPjok9L3Bm3p',1,2);
INSERT INTO moz_bookmarks VALUES(36,1,7,33,2,'Imágenes de Google',NULL,NULL,1626174260000000,1626940516000000,'MyuLHHuLuM3m',1,2);
INSERT INTO moz_bookmarks VALUES(37,1,8,33,3,'Internet Archive: Digital Library of Free & Borrowable Books, Movies, Music & Wayback Machine',NULL,NULL,1626175454000000,1626940519000000,'2OVlG_hAsHnF',1,2);
INSERT INTO moz_bookmarks VALUES(38,1,9,33,4,'DNSdumpster.com - dns recon and research, find and lookup dns records',NULL,NULL,1626420448000000,1626940525000000,'8Ean2jWIfi2R',1,2);
INSERT INTO moz_bookmarks VALUES(39,1,10,33,5,'Comprehensive IP address data, IP geolocation API and database - IPinfo.io',NULL,NULL,1626420775000000,1626940529000000,'dB9AgkdQBtOZ',1,2);
INSERT INTO moz_bookmarks VALUES(40,1,11,33,6,'Spyse — Internet Assets Search Engine',NULL,NULL,1626423681000000,1626940532000000,'kj34BRSPJMhh',1,2);
INSERT INTO moz_bookmarks VALUES(41,1,12,33,7,'OSINT Framework',NULL,NULL,1626424905000000,1626940535000000,'387DPWGTNDM1',1,2);
INSERT INTO moz_bookmarks VALUES(42,1,10,18,5,NULL,NULL,NULL,1627033165341000,1627033165341000,'BGfZtNpXYviB',1,2);
INSERT INTO moz_bookmarks VALUES(43,1,11,18,6,NULL,NULL,NULL,1627033165342000,1627033165342000,'vp6bBdm32xc1',1,2);
INSERT INTO moz_bookmarks VALUES(44,1,12,18,7,NULL,NULL,NULL,1627033165343000,1627033165343000,'iBt7H5rOtMYY',1,2);
CREATE TABLE moz_bookmarks_deleted (  guid TEXT PRIMARY KEY, dateRemoved INTEGER NOT NULL DEFAULT 0);
CREATE TABLE moz_keywords (  id INTEGER PRIMARY KEY AUTOINCREMENT, keyword TEXT UNIQUE, place_id INTEGER, post_data TEXT);
CREATE TABLE moz_anno_attributes (  id INTEGER PRIMARY KEY, name VARCHAR(32) UNIQUE NOT NULL);
CREATE TABLE moz_annos (  id INTEGER PRIMARY KEY, place_id INTEGER NOT NULL, anno_attribute_id INTEGER, content LONGVARCHAR, flags INTEGER DEFAULT 0, expiration INTEGER DEFAULT 0, type INTEGER DEFAULT 0, dateAdded INTEGER DEFAULT 0, lastModified INTEGER DEFAULT 0);
CREATE TABLE moz_items_annos (  id INTEGER PRIMARY KEY, item_id INTEGER NOT NULL, anno_attribute_id INTEGER, content LONGVARCHAR, flags INTEGER DEFAULT 0, expiration INTEGER DEFAULT 0, type INTEGER DEFAULT 0, dateAdded INTEGER DEFAULT 0, lastModified INTEGER DEFAULT 0);
CREATE TABLE moz_meta (key TEXT PRIMARY KEY, value NOT NULL) WITHOUT ROWID ;
INSERT INTO moz_meta VALUES('origin_frecency_count',11);
INSERT INTO moz_meta VALUES('origin_frecency_sum',1705);
INSERT INTO moz_meta VALUES('origin_frecency_sum_of_squares',281479);
INSERT INTO moz_meta VALUES('sync/bookmarks/wiperemote',1);
ANALYZE sqlite_master;
INSERT INTO sqlite_stat1 VALUES('moz_places','moz_places_originidindex','9 2');
INSERT INTO sqlite_stat1 VALUES('moz_places','moz_places_guid_uniqueindex','9 1');
INSERT INTO sqlite_stat1 VALUES('moz_places','moz_places_lastvisitdateindex','9 5');
INSERT INTO sqlite_stat1 VALUES('moz_places','moz_places_frecencyindex','9 5');
INSERT INTO sqlite_stat1 VALUES('moz_places','moz_places_visitcount','9 5');
INSERT INTO sqlite_stat1 VALUES('moz_places','moz_places_hostindex','9 2');
INSERT INTO sqlite_stat1 VALUES('moz_places','moz_places_url_hashindex','9 1');
INSERT INTO sqlite_stat1 VALUES('moz_historyvisits','moz_historyvisits_dateindex','1 1');
INSERT INTO sqlite_stat1 VALUES('moz_historyvisits','moz_historyvisits_fromindex','1 1');
INSERT INTO sqlite_stat1 VALUES('moz_historyvisits','moz_historyvisits_placedateindex','1 1 1');
INSERT INTO sqlite_stat1 VALUES('moz_bookmarks','moz_bookmarks_guid_uniqueindex','25 1');
INSERT INTO sqlite_stat1 VALUES('moz_bookmarks','moz_bookmarks_dateaddedindex','25 2');
INSERT INTO sqlite_stat1 VALUES('moz_bookmarks','moz_bookmarks_itemlastmodifiedindex','25 3 2');
INSERT INTO sqlite_stat1 VALUES('moz_bookmarks','moz_bookmarks_parentindex','25 3 1');
INSERT INTO sqlite_stat1 VALUES('moz_bookmarks','moz_bookmarks_itemindex','25 3 3');
DELETE FROM sqlite_sequence;
CREATE INDEX moz_places_url_hashindex ON moz_places (url_hash);
CREATE INDEX moz_places_hostindex ON moz_places (rev_host);
CREATE INDEX moz_places_visitcount ON moz_places (visit_count);
CREATE INDEX moz_places_frecencyindex ON moz_places (frecency);
CREATE INDEX moz_places_lastvisitdateindex ON moz_places (last_visit_date);
CREATE UNIQUE INDEX moz_places_guid_uniqueindex ON moz_places (guid);
CREATE INDEX moz_places_originidindex ON moz_places (origin_id);
CREATE INDEX moz_historyvisits_placedateindex ON moz_historyvisits (place_id, visit_date);
CREATE INDEX moz_historyvisits_fromindex ON moz_historyvisits (from_visit);
CREATE INDEX moz_historyvisits_dateindex ON moz_historyvisits (visit_date);
CREATE INDEX moz_bookmarks_itemindex ON moz_bookmarks (fk, type);
CREATE INDEX moz_bookmarks_parentindex ON moz_bookmarks (parent, position);
CREATE INDEX moz_bookmarks_itemlastmodifiedindex ON moz_bookmarks (fk, lastModified);
CREATE INDEX moz_bookmarks_dateaddedindex ON moz_bookmarks (dateAdded);
CREATE UNIQUE INDEX moz_bookmarks_guid_uniqueindex ON moz_bookmarks (guid);
CREATE UNIQUE INDEX moz_keywords_placepostdata_uniqueindex ON moz_keywords (place_id, post_data);
CREATE UNIQUE INDEX moz_annos_placeattributeindex ON moz_annos (place_id, anno_attribute_id);
CREATE UNIQUE INDEX moz_items_annos_itemattributeindex ON moz_items_annos (item_id, anno_attribute_id);
COMMIT;
