PRAGMA foreign_keys=OFF;
BEGIN TRANSACTION;
CREATE TABLE moz_origins ( id INTEGER PRIMARY KEY, prefix TEXT NOT NULL, host TEXT NOT NULL, frecency INTEGER NOT NULL, UNIQUE (prefix, host) );
INSERT INTO moz_origins VALUES(1,'https://','support.mozilla.org',0);
INSERT INTO moz_origins VALUES(2,'https://','www.mozilla.org',125);
INSERT INTO moz_origins VALUES(3,'http://','www.ubuntu.com',0);
INSERT INTO moz_origins VALUES(4,'http://','wiki.ubuntu.com',0);
INSERT INTO moz_origins VALUES(5,'https://','answers.launchpad.net',0);
INSERT INTO moz_origins VALUES(6,'http://','www.debian.org',0);
INSERT INTO moz_origins VALUES(8,'https://','dnsdumpster.com',2368);
INSERT INTO moz_origins VALUES(9,'https://','ipinfo.io',2368);
INSERT INTO moz_origins VALUES(10,'https://','spyse.com',2381);
INSERT INTO moz_origins VALUES(11,'https://','osintframework.com',156);
INSERT INTO moz_origins VALUES(16,'https://','www.google.es',13);
INSERT INTO moz_origins VALUES(17,'https://','www.bing.com',-32);
INSERT INTO moz_origins VALUES(18,'https://','www.baidu.com',-182);
INSERT INTO moz_origins VALUES(19,'https://','yandex.com',-182);
INSERT INTO moz_origins VALUES(20,'https://','duckduckgo.com',-182);
INSERT INTO moz_origins VALUES(21,'https://','www.exploit-db.com',-182);
INSERT INTO moz_origins VALUES(22,'https://','archive.org',-182);
INSERT INTO moz_origins VALUES(25,'https://','www.shodan.io',13);
INSERT INTO moz_origins VALUES(28,'https://','search.censys.io',13);
INSERT INTO moz_origins VALUES(29,'https://','www.zoomeye.org',-182);
INSERT INTO moz_origins VALUES(31,'https://','viewdns.info',476);
INSERT INTO moz_origins VALUES(32,'https://','www.abuseipdb.com',163);
INSERT INTO moz_origins VALUES(33,'https://','scamalytics.com',163);
INSERT INTO moz_origins VALUES(34,'https://','www.virustotal.com',163);
INSERT INTO moz_origins VALUES(39,'https://','www.robtex.com',163);
INSERT INTO moz_origins VALUES(40,'https://','whois.domaintools.com',13);
INSERT INTO moz_origins VALUES(41,'https://','koodous.com',13);
INSERT INTO moz_origins VALUES(43,'https://','hashes.com',13);
INSERT INTO moz_origins VALUES(44,'https://','haveibeenpwned.com',13);
INSERT INTO moz_origins VALUES(46,'https://','leakedsource.ru',13);
INSERT INTO moz_origins VALUES(47,'https://','namechk.com',13);
INSERT INTO moz_origins VALUES(48,'https://','checkuser.org',13);
INSERT INTO moz_origins VALUES(50,'https://','tinfoleak.com',13);
INSERT INTO moz_origins VALUES(51,'https://','socialbearing.com',13);
INSERT INTO moz_origins VALUES(55,'https://','images.google.es',13);
INSERT INTO moz_origins VALUES(56,'https://','search.carrot2.org',4604);
INSERT INTO moz_origins VALUES(57,'https://','hunter.io',290);
INSERT INTO moz_origins VALUES(58,'http://','siofiplus.es',2000);
INSERT INTO moz_origins VALUES(59,'http://','www.ofinetplus.net',25);
INSERT INTO moz_origins VALUES(60,'http://','ofinetplus.net',40);
INSERT INTO moz_origins VALUES(61,'https://','accounts.google.com',550);
INSERT INTO moz_origins VALUES(62,'https://','accounts.youtube.com',25);
INSERT INTO moz_origins VALUES(63,'https://','accounts.google.es',140);
INSERT INTO moz_origins VALUES(64,'http://','soybiti.es',2000);
INSERT INTO moz_origins VALUES(65,'https://','soybiti.es',2000);
INSERT INTO moz_origins VALUES(66,'https://','www.google.com',4000);
INSERT INTO moz_origins VALUES(67,'https://','aula.campusciberseguridad.com',2100);
INSERT INTO moz_origins VALUES(68,'https://','getfireshot.com',100);
CREATE TABLE moz_places (   id INTEGER PRIMARY KEY, url LONGVARCHAR, title LONGVARCHAR, rev_host LONGVARCHAR, visit_count INTEGER DEFAULT 0, hidden INTEGER DEFAULT 0 NOT NULL, typed INTEGER DEFAULT 0 NOT NULL, frecency INTEGER DEFAULT -1 NOT NULL, last_visit_date INTEGER , guid TEXT, foreign_count INTEGER DEFAULT 0 NOT NULL, url_hash INTEGER DEFAULT 0 NOT NULL , description TEXT, preview_image_url TEXT, origin_id INTEGER REFERENCES moz_origins(id));
INSERT INTO moz_places VALUES(1,'https://support.mozilla.org/es-ES/products/firefox',NULL,'gro.allizom.troppus.',0,0,0,0,NULL,'RYa61RCFDRZ3',0,47358497311954,NULL,NULL,1);
INSERT INTO moz_places VALUES(2,'https://support.mozilla.org/es-ES/kb/customize-firefox-controls-buttons-and-toolbars?utm_source=firefox-browser&utm_medium=default-bookmarks&utm_campaign=customize',NULL,'gro.allizom.troppus.',0,0,0,0,NULL,'00JVXd5pzRBs',0,47356426271614,NULL,NULL,1);
INSERT INTO moz_places VALUES(3,'https://www.mozilla.org/es-ES/contribute/',NULL,'gro.allizom.www.',0,0,0,0,NULL,'02KM-1zWVuVB',0,47359268356403,NULL,NULL,2);
INSERT INTO moz_places VALUES(4,'https://www.mozilla.org/es-ES/about/',NULL,'gro.allizom.www.',0,0,0,0,NULL,'Dxa5AHx6n3fi',0,47358639445863,NULL,NULL,2);
INSERT INTO moz_places VALUES(5,'http://www.ubuntu.com/',NULL,'moc.utnubu.www.',0,0,0,0,NULL,'6Hh-lNroDsdK',-1,125508050257634,NULL,NULL,3);
INSERT INTO moz_places VALUES(6,'http://wiki.ubuntu.com/',NULL,'moc.utnubu.ikiw.',0,0,0,0,NULL,'aoiHpAYQUoyt',-1,125511519733047,NULL,NULL,4);
INSERT INTO moz_places VALUES(7,'https://answers.launchpad.net/ubuntu/+addquestion',NULL,'ten.daphcnual.srewsna.',0,0,0,0,NULL,'s589Drv4Ly1f',-1,47359338650210,NULL,NULL,5);
INSERT INTO moz_places VALUES(8,'http://www.debian.org/',NULL,'gro.naibed.www.',0,0,0,0,NULL,'xEs3bHfgSMX8',-1,125508165346216,NULL,NULL,6);
INSERT INTO moz_places VALUES(9,'https://www.mozilla.org/privacy/firefox/',NULL,'gro.allizom.www.',1,1,0,25,1627985954249839,'WJneWv5bmC_6',0,47356411089529,NULL,NULL,2);
INSERT INTO moz_places VALUES(10,'https://www.mozilla.org/es-ES/firefox/central/',NULL,'gro.allizom.www.',0,0,0,0,NULL,'gA7pYG7htPf-',0,47358724282746,NULL,NULL,2);
INSERT INTO moz_places VALUES(11,'https://www.mozilla.org/es-ES/privacy/firefox/','Aviso de privacidad de Firefox — Mozilla','gro.allizom.www.',1,0,0,100,1627985954477659,'434lW2piLLPH',0,47360088379120,replace('\n  Our Privacy Notices describe the data our products and services receive, share, and use, as well as choices available to you.\n','\n',char(10)),'https://www.mozilla.org/media/img/mozorg/mozilla-256.4720741d4108.jpg',2);
INSERT INTO moz_places VALUES(23,'https://www.google.es/?gws_rd=ssl','Google','se.elgoog.www.',1,0,0,150,1627986687582044,'9yw7zaYZQfeE',1,47358459878864,NULL,NULL,16);
INSERT INTO moz_places VALUES(24,'https://www.bing.com/?cc=es','Bing','moc.gnib.www.',2,0,1,300,1627986687400992,'2a5Hx5f3zhDF',1,47359135494030,'Built in the 1240s by the Holy Roman Emperor Frede','https://www.bing.com/th?id=OHR.CasteldelMonte_ROW4561472049_tmb.jpg&rf=',17);
INSERT INTO moz_places VALUES(25,'https://www.baidu.com/','百度一下，你就知道','moc.udiab.www.',1,0,1,150,1627986688563725,'V_BMxOM4o-82',1,47359496662664,'全球领先的中文搜索引擎、致力于让网民更便捷地获取信息，找到所求。百度超过千亿的中文网页数据库，可以瞬间找到相关的搜索结果。',NULL,18);
INSERT INTO moz_places VALUES(26,'https://yandex.com/','Yandex','moc.xednay.',1,0,1,150,1627986688185402,'M7rqRm6Ydye2',1,47357723064286,'Yandex is a technology company that builds intelligent products and services powered by machine learning. Our goal is to help consumers and businesses better navigate the online and offline world. Since 1997, we have delivered world-class, locally relevant','https://yastatic.net/s3/home-static/_/90/9034470dfcb0bea0db29a281007b8a38.png',19);
INSERT INTO moz_places VALUES(27,'https://duckduckgo.com/','DuckDuckGo — La privacidad, simplificada.','moc.ogkcudkcud.',1,0,1,150,1627986687522699,'rDz01GGpkBZ0',1,47357557756924,'The Internet privacy company that empowers you to seamlessly take control of your personal information online, without any tradeoffs.','https://duckduckgo.com/assets/logo_social-media.png',20);
INSERT INTO moz_places VALUES(28,'https://www.exploit-db.com/google-hacking-database','Google Hacking Database (GHDB) - Google Dorks, OSINT, Recon','moc.bd-tiolpxe.www.',1,0,1,150,1627986687953939,'ez81ui0j1uCN',1,47359107925306,'The GHDB is an index of search queries (we call them dorks) used to find publicly available information, intended for pentesters and security researchers.',NULL,21);
INSERT INTO moz_places VALUES(29,'https://archive.org/','Internet Archive: Digital Library of Free & Borrowable Books, Movies, Music & Wayback Machine','gro.evihcra.',1,0,1,150,1627986688038577,'GwgkqQlGz2Ou',1,47358558026662,NULL,NULL,22);
INSERT INTO moz_places VALUES(32,'https://www.shodan.io/','Shodan Search Engine','oi.nadohs.www.',1,0,0,150,1627986694152715,'HXkgRq5efcaC',1,47357435174161,'Search engine of Internet-connected devices. Create a free account to get started.','https://www.shodan.io/static/img/opengraph.png',25);
INSERT INTO moz_places VALUES(38,'https://search.censys.io/','Censys Search','oi.sysnec.hcraes.',1,0,0,150,1627986692816339,'cir852rdyvrp',1,47357121908980,'Censys helps organizations, individuals, and researchers find and monitor every server on the Internet to reduce exposure and improve security.','https://search.censys.io/static/img/censys-small.png',28);
INSERT INTO moz_places VALUES(40,'https://www.zoomeye.org/','首页 - 网络空间测绘,网络安全,漏洞分析,动态测绘,钟馗之眼,时空测绘,赛博测绘 - ZoomEye("钟馗之眼")网络空间搜索引擎','gro.eyemooz.www.',1,0,1,150,1627986694381740,'S2-mketYAsTG',1,47356938310604,NULL,NULL,29);
INSERT INTO moz_places VALUES(50,'https://viewdns.info/','ViewDNS.info - Your one source for DNS related tools!','ofni.sndweiv.',4,0,0,600,1627986696237670,'7D3YwB2yscA_',1,47357817523786,NULL,NULL,31);
INSERT INTO moz_places VALUES(52,'https://www.abuseipdb.com/','AbuseIPDB - IP address abuse reports - Making the Internet safer, one IP at a time','moc.bdpiesuba.www.',2,0,0,300,1627986699173232,'RbcUMUcrggnw',1,47359758015403,NULL,NULL,32);
INSERT INTO moz_places VALUES(55,'https://scamalytics.com/ip','IP Address Fraud Check','moc.scitylamacs.',2,0,0,300,1627986698924228,'fry_uM2CUzxo',1,47360456459351,'Lookup any IP address to fraud check that IP. Check the fraud score, view supporting information including true country, operator, proxy status, and Tor status.',NULL,33);
INSERT INTO moz_places VALUES(58,'https://www.virustotal.com/gui/','VirusTotal','moc.latotsuriv.www.',2,0,0,300,1627986700942696,'JtDlSXK3pk3E',1,47357419842988,'VirusTotal',NULL,34);
INSERT INTO moz_places VALUES(66,'https://www.robtex.com/','Welcome to Robtex!','moc.xetbor.www.',2,0,0,300,1627986698947803,'7EAYfCAniGgl',1,47359706723868,NULL,'https://gfx.robtex.com/gfx/graph.png?dns=&square=256',39);
INSERT INTO moz_places VALUES(68,'https://whois.domaintools.com/','Whois Lookup, Domain Availability & IP Search - DomainTools','moc.slootniamod.siohw.',1,0,0,150,1627986702808635,'ASuceYZEh2Ux',1,47356382089719,'Research domain ownership with Whois Lookup: Get ownership info, IP address history, rank, traffic, SEO & more. Find available domains & domains for sale.',NULL,40);
INSERT INTO moz_places VALUES(70,'https://koodous.com/','Koodous','moc.suodook.',1,0,0,150,1627986705814792,'hvn9fqtFQVlg',1,47358536751276,NULL,NULL,41);
INSERT INTO moz_places VALUES(84,'https://hashes.com/en/decrypt/hash','Decrypt MD5, SHA1, MySQL, NTLM, SHA256, SHA512, Wordpress, Bcrypt hashes for free online','moc.sehsah.',1,0,0,150,1627986705941722,'xnjMu0I2HP-k',1,47359047339550,'Decrypt and crack your MD5, SHA1, SHA256, MySQL, and NTLM hashes for free online. We also support Bcrypt, SHA512, Wordpress and many more.',NULL,43);
INSERT INTO moz_places VALUES(86,'https://haveibeenpwned.com/','Have I Been Pwned: Check if your email has been compromised in a data breach','moc.denwpneebievah.',1,0,0,150,1627986695784816,'JUcQt0-hJtFz',1,47357849893384,'Have I Been Pwned allows you to search across multiple data breaches to see if your email address or phone number has been compromised.','https://haveibeenpwned.com/Content/Images/SocialLogo.png',44);
INSERT INTO moz_places VALUES(88,'https://viewdns.info/reversewhois/','Reverse Whois Lookup - ViewDNS.info','ofni.sndweiv.',2,0,0,150,1627986513920428,'jQInpAvzbqFE',0,47357504698726,NULL,NULL,31);
INSERT INTO moz_places VALUES(92,'https://leakedsource.ru/','Find the source of your leaks - LeakedSource','ur.ecruosdekael.',1,0,0,150,1627986696728242,'HFd5Tb-C62Im',1,47356810729236,'Have you been hacked? Search hundreds of leaked databases like LinkedIn, MySpace, Dropbox, Ashley Madison and Twitter by name, email, ip address, and phone number!','https://leakedsource.ru/assets/images/lsb.png',46);
INSERT INTO moz_places VALUES(94,'https://namechk.com/','Namechk | Username, Domain, and Trademark Search | Username Registration','moc.khceman.',1,0,0,150,1627986713282370,'3QRFhadetzSa',1,47358359349246,'Have a personal or brand #username you love? Check if it''s taken or available on popular SM sites using Namechk.com #branding','https://namechk.com/assets/share-image-dfeea035aef91c36e163ab2fcaae539eff00ba96c266c7124f4f63ca2878d69b.jpg',47);
INSERT INTO moz_places VALUES(96,'https://checkuser.org/','Username Checker - Social Media Name & Domain Availability Checker','gro.resukcehc.',1,0,0,150,1627986713758251,'GhbDe6695e3H',1,47358284423657,'CheckUser automatically searches over 70 famous social networks for you to see if the username or domain is available or not.',NULL,48);
INSERT INTO moz_places VALUES(99,'https://tinfoleak.com/','tinfoleak | Free dossier of a twitter user','moc.kaelofnit.',1,0,0,150,1627986709324467,'e1zP-LBkaEG4',1,47358961702188,'Get free dossier of a twitter user',NULL,50);
INSERT INTO moz_places VALUES(101,'https://socialbearing.com/','Twitter Analytics for Tweets, Timelines & Twitter Maps | Social Bearing','moc.gniraeblaicos.',1,0,0,150,1627986709489688,'axVnYZSBhmuB',1,47357553293094,'Powerful Twitter analytics. Find, filter and sort tweets or handles by influence, engagement, sentiment, location and more','https://socialbearing.com/assets/images/laptop-tweets-home-2.jpg',51);
INSERT INTO moz_places VALUES(113,'https://images.google.es/?gws_rd=ssl','Imágenes de Google','se.elgoog.segami.',1,0,0,150,1627986692617765,'xuKJfuQTMxmA',1,47359874331728,'Imágenes de Google. La búsqueda de imágenes más completa de la Web.',NULL,55);
INSERT INTO moz_places VALUES(115,'https://spyse.com/','Spyse — Internet Assets Search Engine','moc.esyps.',3,0,1,2375,1627986699186098,'N3yS3kLTbqRP',1,47356783197015,'Spyse is a search engine built for a quick cyber intelligence of IT infrastructures, networks, and even the smallest parts of the internet.','https://spyse.com/meta/spyse-og-v2.png',10);
INSERT INTO moz_places VALUES(117,'https://osintframework.com/','OSINT Framework','moc.krowemarftniso.',1,0,0,150,1627986688578370,'geaNU1KHZjnc',1,47360543268800,NULL,NULL,11);
INSERT INTO moz_places VALUES(118,'https://search.carrot2.org/','Carrot2 search results clustering engine','gro.2torrac.hcraes.',1,0,1,1950,1627914979785745,'NLijWj3exC-7',0,47359157945493,'Carrot2 organizes your search results into topics. With an instant overview of what''s available, you will quickly find what you''re looking for.',NULL,56);
INSERT INTO moz_places VALUES(119,'https://search.carrot2.org/#/','Carrot2 search results clustering engine','gro.2torrac.hcraes.',1,0,0,98,1627914980542251,'ki7z6va8XQ_9',0,47360418115982,NULL,NULL,56);
INSERT INTO moz_places VALUES(120,'https://search.carrot2.org/#/search','Carrot2 search results clustering engine','gro.2torrac.hcraes.',1,0,0,98,1627914980689781,'y0cKVgKdnmgQ',0,47359596120910,NULL,NULL,56);
INSERT INTO moz_places VALUES(121,'https://search.carrot2.org/#/search/web','Carrot2 search results clustering engine','gro.2torrac.hcraes.',3,0,1,2400,1627986687435691,'ON_mlJ0uBj5-',1,47360058974162,'Carrot2 organizes your search results into topics. With an instant overview of what''s available, you will quickly find what you''re looking for.',NULL,56);
INSERT INTO moz_places VALUES(122,'https://hunter.io/users/sign_up?utm_source=firefox_addon&utm_medium=firefox_addon&utm_campaign=extension&utm_content=new_install','Sign up • Hunter','oi.retnuh.',1,0,0,100,1627915757993117,'ovHZTHS0SBVe',0,47360278315427,NULL,NULL,57);
INSERT INTO moz_places VALUES(123,'http://siofiplus.es/',NULL,'se.sulpifois.',1,1,1,2000,1627915771262645,'pBHuTy4R5l-r',0,125507815390420,NULL,NULL,58);
INSERT INTO moz_places VALUES(124,'http://www.ofinetplus.net/',NULL,'ten.sulptenifo.www.',1,1,0,25,1627915772729538,'cg7h1Qg7qwYV',0,125509624974923,NULL,NULL,59);
INSERT INTO moz_places VALUES(125,'http://ofinetplus.net/','Ofiplus','ten.sulptenifo.',1,0,0,40,1627915774646672,'bMyw3MTDJbYq',0,125509650748265,NULL,NULL,60);
INSERT INTO moz_places VALUES(126,'https://hunter.io/users/sign_up?utm_source=firefox_addon&utm_medium=firefox_addon&utm_campaign=extension&utm_content=browser_popup','Sign up • Hunter','oi.retnuh.',1,0,0,100,1627915791320676,'41FUKOUl-yO1',0,47358530850107,NULL,NULL,57);
INSERT INTO moz_places VALUES(127,'https://accounts.google.com/o/oauth2/auth?access_type=offline&client_id=7331775511-ha6ulr6r7ntatogp6ucaj1i3ku94arh6.apps.googleusercontent.com&redirect_uri=https%3A%2F%2Fhunter.io%2Fauth%2Fgoogle%2Fcallback&response_type=code&scope=email+profile&state=776ce9c7cb42d12f243400a235bd4444d82a6fe0f8508a5d','Inicia sesión: Cuentas de Google','moc.elgoog.stnuocca.',1,0,0,100,1627915796797565,'NFeI5syDODtN',0,47356446335872,NULL,NULL,61);
INSERT INTO moz_places VALUES(128,'https://accounts.google.com/o/oauth2/auth/identifier?access_type=offline&client_id=7331775511-ha6ulr6r7ntatogp6ucaj1i3ku94arh6.apps.googleusercontent.com&redirect_uri=https%3A%2F%2Fhunter.io%2Fauth%2Fgoogle%2Fcallback&response_type=code&scope=email%20profile&state=776ce9c7cb42d12f243400a235bd4444d82a6fe0f8508a5d&flowName=GeneralOAuthFlow','Inicia sesión: Cuentas de Google','moc.elgoog.stnuocca.',1,0,0,100,1627915797968240,'ryO-phUj6bGq',0,47358830974565,NULL,NULL,61);
INSERT INTO moz_places VALUES(129,'https://accounts.google.com/signin/v2/challenge/pwd?access_type=offline&client_id=7331775511-ha6ulr6r7ntatogp6ucaj1i3ku94arh6.apps.googleusercontent.com&redirect_uri=https%3A%2F%2Fhunter.io%2Fauth%2Fgoogle%2Fcallback&response_type=code&scope=email%20profile&state=776ce9c7cb42d12f243400a235bd4444d82a6fe0f8508a5d&flowName=GeneralOAuthFlow&cid=1&navigationDirection=forward&TL=AM3QAYb2mY2qVOz3LUSd09KBp0hRxxtB6Q20yg8EmKxOO1UkAd9zYJzqiZiDBViM','Inicia sesión: Cuentas de Google','moc.elgoog.stnuocca.',1,0,0,100,1627915811773445,'hXhBJuRtxijx',0,47358920333877,NULL,NULL,61);
INSERT INTO moz_places VALUES(130,'https://accounts.google.com/signin/v2/challenge/ipp?access_type=offline&client_id=7331775511-ha6ulr6r7ntatogp6ucaj1i3ku94arh6.apps.googleusercontent.com&redirect_uri=https%3A%2F%2Fhunter.io%2Fauth%2Fgoogle%2Fcallback&response_type=code&scope=email%20profile&state=776ce9c7cb42d12f243400a235bd4444d82a6fe0f8508a5d&flowName=GeneralOAuthFlow&cid=6&TL=AM3QAYb2mY2qVOz3LUSd09KBp0hRxxtB6Q20yg8EmKxOO1UkAd9zYJzqiZiDBViM&navigationDirection=forward','Inicia sesión: Cuentas de Google','moc.elgoog.stnuocca.',1,0,0,100,1627915825515924,'PkU0tqHNDiCd',0,47358215407033,NULL,NULL,61);
INSERT INTO moz_places VALUES(131,'https://accounts.google.com/signin/v2/challenge/ipp?access_type=offline&client_id=7331775511-ha6ulr6r7ntatogp6ucaj1i3ku94arh6.apps.googleusercontent.com&redirect_uri=https%3A%2F%2Fhunter.io%2Fauth%2Fgoogle%2Fcallback&response_type=code&scope=email%20profile&state=776ce9c7cb42d12f243400a235bd4444d82a6fe0f8508a5d&flowName=GeneralOAuthFlow&cid=6&TL=AM3QAYb2mY2qVOz3LUSd09KBp0hRxxtB6Q20yg8EmKxOO1UkAd9zYJzqiZiDBViM','Inicia sesión: Cuentas de Google','moc.elgoog.stnuocca.',1,0,0,100,1627915850540914,'tdt3kWmSjo-E',0,47356828156128,NULL,NULL,61);
INSERT INTO moz_places VALUES(132,'https://accounts.google.com/CheckCookie?hl=es&checkedDomains=youtube&checkConnection=youtube%3A474%3A1&client_id=7331775511-ha6ulr6r7ntatogp6ucaj1i3ku94arh6.apps.googleusercontent.com&chtml=LoginDoneHtml&service=lso&continue=https%3A%2F%2Faccounts.google.com%2Fsignin%2Foauth%2Fconsent%3Fauthuser%3Dunknown%26part%3DAJi8hAOygEKLD5sLOaqxIOxoA6A5vyl0eFb0dHk0dNZTmAVgWSSLcU22kUp6ekWAtl4UpBP039jmoqmQdBV7ghuTIemBUJXPTJgyWyC8vOZZmLC9nb8MuwUFvaOAA6ImI-E026FT_Yl9HbE6zjGw_ifMnylKq1Tz1Qhg3PFOMYQRInuRLB0ABHSnFNhAfqUqSvsPeOes9G1vZc-gXifH_6Ar9UoPkpJ102ZSRnqGPCiC5B9KhhMPLzHBNcfOq4cFKdV6q8AdiW1dN24ioDQ2v2HpXSuNtLddti2_7r9HHoNJ4Af-3fihiggUEqD6BP_Oq8ANhpgZsHubI8xwNc4yOeNyHKdNyLc9BGeE3zpbuxQwCXnJJfo6nDVUiwMeq8g_b_VUU9RJJKXh9jjEHz3Zmx7g4N2GG3dXFTsES73G3mnyCG-5O3Un_40%26as%3DS-2096562370%253A1627915796748538%26rapt%3DAEjHL4P9GdAdqH96EKHSRFQy0fF9xd8uBWhZXDdaxPpisYlq741D6WoPCeIC0seI5dzHjustfcdz1c0T073KbkujmZG4NyJSAg%23&gidl=EgIIAA',NULL,'moc.elgoog.stnuocca.',1,1,0,25,1627915871615705,'ZswHwHj5EX6r',0,47357233449397,NULL,NULL,61);
INSERT INTO moz_places VALUES(133,'https://accounts.youtube.com/accounts/SetSID?ssdc=1&sidt=ALWU2cuBAsjtNRsJUbP%2BhZmE%2FrGTOBXaHJcZYDh1RRj7o3z3r%2B%2FzJ8JziLbH13IBvXkI03vmzsbsvCyx21owNLAAsSoklkV5u5XCh9BF0uu8sz2St79MVwUgkbqGy0qFSddcXD9WMB2w25EX3Kr7i0aV1mcuFTHMmJz%2BrwuAr6or3INXVvTpvpKf%2BO5J%2BXR5QZpIic9Fh%2BRMoCNWlWHYFI91NMj3F7zcZp2snuIl7Hah5T%2BfmDYz%2F4UcNooxbxOupQVvJ52xxJMn8q5YM8srcyor1tY6yMY%2FHlDTntmqvD3lOUyb%2B%2BKbRpXYWPZLxqDmfS9aMpWk4py5eS51q8g4Qy5Llao9Qa9fi0esI%2F0DIW%2BQf8sseugE38T3gAOFjyNQKx%2B%2BFr72Kajf0%2Fp8lSDH5AXMkhUAtEOVd19sRcLa0rXMYH851SjQb2Yz%2F9yJ6D1iso7khSe8KXi7gfWTJY91c7V8s8HWOUGebw%3D%3D&continue=https%3A%2F%2Faccounts.google.com%2Fsignin%2Foauth%2Fconsent%3Fauthuser%3D0%26part%3DAJi8hAOygEKLD5sLOaqxIOxoA6A5vyl0eFb0dHk0dNZTmAVgWSSLcU22kUp6ekWAtl4UpBP039jmoqmQdBV7ghuTIemBUJXPTJgyWyC8vOZZmLC9nb8MuwUFvaOAA6ImI-E026FT_Yl9HbE6zjGw_ifMnylKq1Tz1Qhg3PFOMYQRInuRLB0ABHSnFNhAfqUqSvsPeOes9G1vZc-gXifH_6Ar9UoPkpJ102ZSRnqGPCiC5B9KhhMPLzHBNcfOq4cFKdV6q8AdiW1dN24ioDQ2v2HpXSuNtLddti2_7r9HHoNJ4Af-3fihiggUEqD6BP_Oq8ANhpgZsHubI8xwNc4yOeNyHKdNyLc9BGeE3zpbuxQwCXnJJfo6nDVUiwMeq8g_b_VUU9RJJKXh9jjEHz3Zmx7g4N2GG3dXFTsES73G3mnyCG-5O3Un_40%26as%3DS-2096562370%253A1627915796748538%26rapt%3DAEjHL4P9GdAdqH96EKHSRFQy0fF9xd8uBWhZXDdaxPpisYlq741D6WoPCeIC0seI5dzHjustfcdz1c0T073KbkujmZG4NyJSAg%23&tcc=1&dbus=ES',NULL,'moc.ebutuoy.stnuocca.',1,1,0,25,1627915872047354,'tI_9BI3X0PJl',0,47357475683361,NULL,NULL,62);
INSERT INTO moz_places VALUES(134,'https://accounts.google.es/accounts/SetSID?ssdc=1&sidt=ALWU2cvYbbyZ4EQA%2B1GLr7pN0jTkxdX7bZ3uSNkl3Wy4HMu7168/DUt57G4MNRJTsUR6kj2wWX5u1E%2BNuT9w2Snp6K6mZEktUamgpwAzFs4pUATaFf5AR9H9Yeg3oFI2YnTGPsUX8tXtWlv3TnEyEEnd56M3PMPU3bcEeGsRAri/v3LM1i2Q18dAVXRzwZc3iAx/Zy3zT0CPW5sLFJJZXqrD3Dmn34zWFSLX5IeuKOojEKlJqhyplcVi34BJn/AEDRyAmHyE5vDdtuNpBhV%2BcI%2B8IiQd4mz9Hkvod8pdzw08zGWFsPTwsakUvp9LaMAKmLK2DKXj9JGU6S6QNQ4LjZqeRpSFC6M3N8tEQjmAa5Ngg%2BLrElTlFJ3xMkG/1F0E3KdKRBz8BxhjHRJoIiMpgJmxwZC//gB49L1j3JdWAlfFZc0ClL7bola84vhNWX14wCUd8KG2eDi9xwkl4Ekw7%2BdOqFvpvrwTyw%3D%3D&continue=https://accounts.google.com/signin/oauth/consent?authuser%3D0%26part%3DAJi8hAOygEKLD5sLOaqxIOxoA6A5vyl0eFb0dHk0dNZTmAVgWSSLcU22kUp6ekWAtl4UpBP039jmoqmQdBV7ghuTIemBUJXPTJgyWyC8vOZZmLC9nb8MuwUFvaOAA6ImI-E026FT_Yl9HbE6zjGw_ifMnylKq1Tz1Qhg3PFOMYQRInuRLB0ABHSnFNhAfqUqSvsPeOes9G1vZc-gXifH_6Ar9UoPkpJ102ZSRnqGPCiC5B9KhhMPLzHBNcfOq4cFKdV6q8AdiW1dN24ioDQ2v2HpXSuNtLddti2_7r9HHoNJ4Af-3fihiggUEqD6BP_Oq8ANhpgZsHubI8xwNc4yOeNyHKdNyLc9BGeE3zpbuxQwCXnJJfo6nDVUiwMeq8g_b_VUU9RJJKXh9jjEHz3Zmx7g4N2GG3dXFTsES73G3mnyCG-5O3Un_40%26as%3DS-2096562370%253A1627915796748538%26rapt%3DAEjHL4P9GdAdqH96EKHSRFQy0fF9xd8uBWhZXDdaxPpisYlq741D6WoPCeIC0seI5dzHjustfcdz1c0T073KbkujmZG4NyJSAg%23&tcc=1',NULL,'se.elgoog.stnuocca.',1,0,0,40,1627915872481007,'Sxl-PvB71JLK',0,47360128253599,NULL,NULL,63);
INSERT INTO moz_places VALUES(135,'https://accounts.google.es/accounts/SetSID','Redirigiendo','se.elgoog.stnuocca.',1,0,0,100,1627915872589979,'S-k1UPV0qJVJ',0,47360025455293,NULL,NULL,63);
INSERT INTO moz_places VALUES(136,'https://accounts.google.com/signin/oauth/consent?authuser=0&part=AJi8hAOygEKLD5sLOaqxIOxoA6A5vyl0eFb0dHk0dNZTmAVgWSSLcU22kUp6ekWAtl4UpBP039jmoqmQdBV7ghuTIemBUJXPTJgyWyC8vOZZmLC9nb8MuwUFvaOAA6ImI-E026FT_Yl9HbE6zjGw_ifMnylKq1Tz1Qhg3PFOMYQRInuRLB0ABHSnFNhAfqUqSvsPeOes9G1vZc-gXifH_6Ar9UoPkpJ102ZSRnqGPCiC5B9KhhMPLzHBNcfOq4cFKdV6q8AdiW1dN24ioDQ2v2HpXSuNtLddti2_7r9HHoNJ4Af-3fihiggUEqD6BP_Oq8ANhpgZsHubI8xwNc4yOeNyHKdNyLc9BGeE3zpbuxQwCXnJJfo6nDVUiwMeq8g_b_VUU9RJJKXh9jjEHz3Zmx7g4N2GG3dXFTsES73G3mnyCG-5O3Un_40&as=S-2096562370%3A1627915796748538&rapt=AEjHL4P9GdAdqH96EKHSRFQy0fF9xd8uBWhZXDdaxPpisYlq741D6WoPCeIC0seI5dzHjustfcdz1c0T073KbkujmZG4NyJSAg#',NULL,'moc.elgoog.stnuocca.',1,1,0,25,1627915872998652,'Pe8f7gAGrWBw',0,47358952684612,NULL,NULL,61);
INSERT INTO moz_places VALUES(137,'https://hunter.io/auth/google/callback?state=776ce9c7cb42d12f243400a235bd4444d82a6fe0f8508a5d&code=4%2F0AX4XfWh2aWmq82i86j-HC3cgvPNrwmtO0ABOPxeZPWfZ2jCW-lU_bzbxlczlplHehOjhBw&scope=email+profile+https%3A%2F%2Fwww.googleapis.com%2Fauth%2Fuserinfo.email+https%3A%2F%2Fwww.googleapis.com%2Fauth%2Fuserinfo.profile+openid&authuser=0&prompt=consent',NULL,'oi.retnuh.',1,1,0,25,1627915873808548,'uV7nnwYpeVal',0,47359788722470,NULL,NULL,57);
INSERT INTO moz_places VALUES(138,'https://hunter.io/dashboard',NULL,'oi.retnuh.',1,1,0,25,1627915874399471,'-ExRpQuQis_b',0,47358824693185,NULL,NULL,57);
INSERT INTO moz_places VALUES(139,'https://hunter.io/search','Domain Search','oi.retnuh.',1,0,0,40,1627915874670656,'4tS_VxTzxPDC',0,47358102149317,NULL,NULL,57);
INSERT INTO moz_places VALUES(140,'http://soybiti.es/',NULL,'se.itibyos.',1,1,1,2000,1627915892435333,'lDdPq0FJ8TKH',0,125509558191959,NULL,NULL,64);
INSERT INTO moz_places VALUES(141,'https://soybiti.es/','Facturación y Contabilidad en la Nube - Compatible con ecommerce','se.itibyos.',1,0,0,2000,1627915892696970,'ApIAlQrlCS8g',0,47356376258881,'El ERP en la nube que puede ayudarte a gestionar y automatizar las tareas más importantes de tu eCommerce.','https://www.soybiti.es/wp-content/themes/foton/assets/img/open_graph.jpg',65);
INSERT INTO moz_places VALUES(142,'https://www.google.com/search?channel=fs&client=ubuntu&q=aulaciberseguridad','aulaciberseguridad - Buscar con Google','moc.elgoog.www.',1,0,1,2000,1627915968101503,'vIh2k66-kAVw',0,47359313997597,NULL,NULL,66);
INSERT INTO moz_places VALUES(143,'https://aula.campusciberseguridad.com/','Aula_Ciberseguridad','moc.dadirugesrebicsupmac.alua.',2,0,1,2100,1627917177861683,'jDCS6zoX07pf',0,47357509629795,NULL,NULL,67);
INSERT INTO moz_places VALUES(144,'https://getfireshot.com/installed-lite.php?ver=0.99.15&app=fx','FireShot: Webpage Screenshots + Annotations 0.99.15 installed!','moc.tohserifteg.',1,0,0,100,1627916982287214,'-z8OQHL43YKo',0,47360037789375,'Congratulations on FireShot 0.99.15 install. Try FireShot Pro to get more.',NULL,68);
INSERT INTO moz_places VALUES(145,'https://dnsdumpster.com/','DNSdumpster.com - dns recon and research, find and lookup dns records','moc.retspmudsnd.',2,0,1,2225,1627986699055637,'69bZ-9H-PuD2',1,47357120481866,'Find dns records in order to identify the Internet footprint of an organization. Recon that enables deeper security assessments and discovery of the attack surface.',NULL,8);
INSERT INTO moz_places VALUES(146,'https://www.google.com/search?channel=fs&client=ubuntu&q=.io++','.io - Buscar con Google','moc.elgoog.www.',1,0,1,2000,1627986316418586,'uLlCmYH9Airb',0,47356930267632,NULL,NULL,66);
INSERT INTO moz_places VALUES(147,'https://ipinfo.io/','Comprehensive IP address data, IP geolocation API and database - IPinfo.io','oi.ofnipi.',2,0,1,2225,1627986699015418,'D8pQlcDvov1i',1,47359356095200,'We''re the trusted source for IP address information, handling 40 billion IP geolocation API requests per month for over 1,000 businesses and 100,000+ developers','https://ipinfo.io/static/images/og_logo.png',9);
CREATE TABLE moz_historyvisits (  id INTEGER PRIMARY KEY, from_visit INTEGER, place_id INTEGER, visit_date INTEGER, visit_type INTEGER, session INTEGER);
INSERT INTO moz_historyvisits VALUES(1,0,9,1627985954249839,1,0);
INSERT INTO moz_historyvisits VALUES(2,1,11,1627985954477659,5,0);
INSERT INTO moz_historyvisits VALUES(3,0,120,1627914980689781,1,0);
INSERT INTO moz_historyvisits VALUES(4,0,121,1627914980721773,1,0);
INSERT INTO moz_historyvisits VALUES(5,0,122,1627915757993117,1,0);
INSERT INTO moz_historyvisits VALUES(6,0,123,1627915771262645,2,0);
INSERT INTO moz_historyvisits VALUES(7,6,124,1627915772729538,6,0);
INSERT INTO moz_historyvisits VALUES(8,7,125,1627915774646672,5,0);
INSERT INTO moz_historyvisits VALUES(9,0,126,1627915791320676,1,0);
INSERT INTO moz_historyvisits VALUES(10,9,127,1627915796797565,1,0);
INSERT INTO moz_historyvisits VALUES(11,10,128,1627915797968240,1,0);
INSERT INTO moz_historyvisits VALUES(12,11,129,1627915811773445,1,0);
INSERT INTO moz_historyvisits VALUES(13,12,130,1627915825515924,1,0);
INSERT INTO moz_historyvisits VALUES(14,13,131,1627915850540914,1,0);
INSERT INTO moz_historyvisits VALUES(15,14,132,1627915871615705,1,0);
INSERT INTO moz_historyvisits VALUES(16,15,133,1627915872047354,6,0);
INSERT INTO moz_historyvisits VALUES(17,16,134,1627915872481007,6,0);
INSERT INTO moz_historyvisits VALUES(18,17,135,1627915872589979,1,0);
INSERT INTO moz_historyvisits VALUES(19,18,136,1627915872998652,1,0);
INSERT INTO moz_historyvisits VALUES(20,19,137,1627915873808548,6,0);
INSERT INTO moz_historyvisits VALUES(21,20,138,1627915874399471,6,0);
INSERT INTO moz_historyvisits VALUES(22,21,139,1627915874670656,5,0);
INSERT INTO moz_historyvisits VALUES(23,0,140,1627915892435333,2,0);
INSERT INTO moz_historyvisits VALUES(24,23,141,1627915892696970,6,0);
INSERT INTO moz_historyvisits VALUES(25,0,121,1627915923652243,2,0);
INSERT INTO moz_historyvisits VALUES(26,0,142,1627915968101503,2,0);
INSERT INTO moz_historyvisits VALUES(27,0,143,1627915972429162,1,0);
INSERT INTO moz_historyvisits VALUES(28,0,144,1627916982287214,1,0);
INSERT INTO moz_historyvisits VALUES(29,0,143,1627917177861683,2,0);
INSERT INTO moz_historyvisits VALUES(30,0,24,1627986044760039,3,0);
INSERT INTO moz_historyvisits VALUES(31,0,66,1627986121035883,3,0);
INSERT INTO moz_historyvisits VALUES(32,0,52,1627986121293291,3,0);
INSERT INTO moz_historyvisits VALUES(33,0,50,1627986121360305,3,0);
INSERT INTO moz_historyvisits VALUES(34,0,58,1627986121418232,3,0);
INSERT INTO moz_historyvisits VALUES(35,0,55,1627986121452589,3,0);
INSERT INTO moz_historyvisits VALUES(36,0,115,1627986121613617,3,0);
INSERT INTO moz_historyvisits VALUES(37,0,88,1627986181101580,3,0);
INSERT INTO moz_historyvisits VALUES(38,0,50,1627986248639140,3,0);
INSERT INTO moz_historyvisits VALUES(39,0,145,1627986277367670,2,0);
INSERT INTO moz_historyvisits VALUES(40,0,146,1627986316418586,2,0);
INSERT INTO moz_historyvisits VALUES(41,0,147,1627986329341593,2,0);
INSERT INTO moz_historyvisits VALUES(42,0,115,1627986416467048,2,0);
INSERT INTO moz_historyvisits VALUES(43,0,50,1627986440234351,3,0);
INSERT INTO moz_historyvisits VALUES(44,0,88,1627986513920428,3,0);
INSERT INTO moz_historyvisits VALUES(45,0,24,1627986687400992,3,0);
INSERT INTO moz_historyvisits VALUES(46,0,121,1627986687435691,3,0);
INSERT INTO moz_historyvisits VALUES(47,0,27,1627986687522699,3,0);
INSERT INTO moz_historyvisits VALUES(48,0,23,1627986687582044,3,0);
INSERT INTO moz_historyvisits VALUES(49,0,28,1627986687953939,3,0);
INSERT INTO moz_historyvisits VALUES(50,0,29,1627986688038577,3,0);
INSERT INTO moz_historyvisits VALUES(51,0,26,1627986688185402,3,0);
INSERT INTO moz_historyvisits VALUES(52,0,25,1627986688563725,3,0);
INSERT INTO moz_historyvisits VALUES(53,0,117,1627986688578370,3,0);
INSERT INTO moz_historyvisits VALUES(54,0,113,1627986692617765,3,0);
INSERT INTO moz_historyvisits VALUES(55,0,38,1627986692816339,3,0);
INSERT INTO moz_historyvisits VALUES(56,0,32,1627986694152715,3,0);
INSERT INTO moz_historyvisits VALUES(57,0,40,1627986694381740,3,0);
INSERT INTO moz_historyvisits VALUES(58,0,86,1627986695784816,3,0);
INSERT INTO moz_historyvisits VALUES(59,0,50,1627986696237670,3,0);
INSERT INTO moz_historyvisits VALUES(60,0,92,1627986696728242,3,0);
INSERT INTO moz_historyvisits VALUES(61,0,55,1627986698924228,3,0);
INSERT INTO moz_historyvisits VALUES(62,0,66,1627986698947803,3,0);
INSERT INTO moz_historyvisits VALUES(63,0,147,1627986699015418,3,0);
INSERT INTO moz_historyvisits VALUES(64,0,145,1627986699055637,3,0);
INSERT INTO moz_historyvisits VALUES(65,0,52,1627986699173232,3,0);
INSERT INTO moz_historyvisits VALUES(66,0,115,1627986699186098,3,0);
INSERT INTO moz_historyvisits VALUES(67,0,58,1627986700942696,3,0);
INSERT INTO moz_historyvisits VALUES(68,0,68,1627986702808635,3,0);
INSERT INTO moz_historyvisits VALUES(69,0,70,1627986705814792,3,0);
INSERT INTO moz_historyvisits VALUES(70,0,84,1627986705941722,3,0);
INSERT INTO moz_historyvisits VALUES(71,0,99,1627986709324467,3,0);
INSERT INTO moz_historyvisits VALUES(72,0,101,1627986709489688,3,0);
INSERT INTO moz_historyvisits VALUES(73,0,94,1627986713282370,3,0);
INSERT INTO moz_historyvisits VALUES(74,0,96,1627986713758251,3,0);
CREATE TABLE moz_inputhistory (  place_id INTEGER NOT NULL, input LONGVARCHAR NOT NULL, use_count INTEGER, PRIMARY KEY (place_id, input));
INSERT INTO moz_inputhistory VALUES(143,'au',1);
CREATE TABLE moz_bookmarks (  id INTEGER PRIMARY KEY, type INTEGER, fk INTEGER DEFAULT NULL, parent INTEGER, position INTEGER, title LONGVARCHAR, keyword_id INTEGER, folder_type TEXT, dateAdded INTEGER, lastModified INTEGER, guid TEXT, syncStatus INTEGER NOT NULL DEFAULT 0, syncChangeCounter INTEGER NOT NULL DEFAULT 1);
INSERT INTO moz_bookmarks VALUES(1,2,NULL,0,0,'',NULL,NULL,1627985953315000,1627986672831000,'root________',1,1);
INSERT INTO moz_bookmarks VALUES(2,2,NULL,1,0,'menu',NULL,NULL,1627985953315000,1627986672831000,'menu________',1,5);
INSERT INTO moz_bookmarks VALUES(3,2,NULL,1,1,'toolbar',NULL,NULL,1627985953315000,1627986631574000,'toolbar_____',1,6);
INSERT INTO moz_bookmarks VALUES(4,2,NULL,1,2,'tags',NULL,NULL,1627985953315000,1627985953315000,'tags________',1,1);
INSERT INTO moz_bookmarks VALUES(5,2,NULL,1,3,'unfiled',NULL,NULL,1627985953315000,1627985953958000,'unfiled_____',1,2);
INSERT INTO moz_bookmarks VALUES(6,2,NULL,1,4,'mobile',NULL,NULL,1627985953324000,1627985953958000,'mobile______',1,2);
INSERT INTO moz_bookmarks VALUES(18,2,NULL,4,0,'osint',NULL,NULL,1627033127598000,1627986672827000,'6mQrdFj8cRgK',1,16);
INSERT INTO moz_bookmarks VALUES(23,1,9,18,0,NULL,NULL,NULL,1627033127609000,1627033165340000,'z-pusxZxdTcl',1,5);
INSERT INTO moz_bookmarks VALUES(24,2,NULL,4,1,'web',NULL,NULL,1627033127611000,1627033127611000,'CW3ySl7iGWtz',1,2);
INSERT INTO moz_bookmarks VALUES(25,1,9,24,0,NULL,NULL,NULL,1627033127611000,1627033127611000,'0paVmmcOgNZh',1,3);
INSERT INTO moz_bookmarks VALUES(45,2,NULL,3,0,'Buscadores',NULL,NULL,1627399105437000,1627914982424000,'hzm92wiA9dm4',1,13);
INSERT INTO moz_bookmarks VALUES(46,1,23,45,0,'Google',NULL,NULL,1627399131880000,1627399148443000,'zT4Jt80Q44jM',1,3);
INSERT INTO moz_bookmarks VALUES(47,1,24,45,1,'Bing',NULL,NULL,1627399185676000,1627399185676000,'QPzjum7IfBo7',1,1);
INSERT INTO moz_bookmarks VALUES(48,1,25,45,2,'Baidu',NULL,NULL,1627399210455000,1627399218771000,'OpLJYF0G8-8a',1,2);
INSERT INTO moz_bookmarks VALUES(49,1,26,45,3,'Yandex',NULL,NULL,1627399238903000,1627399238903000,'vU1vpPbG7CiU',1,1);
INSERT INTO moz_bookmarks VALUES(50,1,27,45,4,'DuckDuckGo — La privacidad, simplificada.',NULL,NULL,1627399257072000,1627399257072000,'RqTLB2AFMWUq',1,1);
INSERT INTO moz_bookmarks VALUES(51,1,28,45,5,'Google Hacking Database (GHDB) - Google Dorks, OSINT, Recon',NULL,NULL,1627399523013000,1627399523013000,'Ty4WemYGD42l',1,1);
INSERT INTO moz_bookmarks VALUES(52,1,29,45,6,'Internet Archive: Digital Library of Free & Borrowable Books, Movies, Music & Wayback Machine',NULL,NULL,1627399556016000,1627399556016000,'jZWoQWVSP0mD',1,1);
INSERT INTO moz_bookmarks VALUES(54,1,32,80,3,'Shodan Search Engine',NULL,NULL,1627400553367000,1627404683661000,'OOZ6qBgZgg_E',1,4);
INSERT INTO moz_bookmarks VALUES(55,1,38,80,0,'Censys Search',NULL,NULL,1627400705438000,1627404021748000,'O9DCTAEn7puh',1,2);
INSERT INTO moz_bookmarks VALUES(56,1,40,80,1,'ZoomEye',NULL,NULL,1627401218066000,1627404028568000,'D0IEQ54gVc0h',1,3);
INSERT INTO moz_bookmarks VALUES(57,2,NULL,3,3,'Direcciones IP',NULL,NULL,1627401306088000,1627986542670000,'xdZbLKUcPkva',1,19);
INSERT INTO moz_bookmarks VALUES(58,1,50,69,2,'ViewDNS.info - Your one source for DNS related tools!',NULL,NULL,1627401413715000,1627986542670000,'6tI1fJpFoylF',1,3);
INSERT INTO moz_bookmarks VALUES(59,1,52,57,2,'AbuseIPDB - IP address abuse reports - Making the Internet safer, one IP at a time',NULL,NULL,1627401463924000,1627401463924000,'BXiHBRM5Cc48',1,1);
INSERT INTO moz_bookmarks VALUES(60,1,55,57,3,'IP Address Fraud Check',NULL,NULL,1627401519453000,1627401519453000,'ySwHnc4lCBUy',1,1);
INSERT INTO moz_bookmarks VALUES(61,1,58,57,4,'VirusTotal',NULL,NULL,1627401602289000,1627401602289000,'9ycYH0F2Jkjd',1,1);
INSERT INTO moz_bookmarks VALUES(62,1,66,57,5,'Welcome to Robtex!',NULL,NULL,1627401777599000,1627401777599000,'wiEPSDFu8gKu',1,1);
INSERT INTO moz_bookmarks VALUES(63,2,NULL,3,4,'Dominios',NULL,NULL,1627401886643000,1627465790607000,'9FG-9AUWLE3U',1,7);
INSERT INTO moz_bookmarks VALUES(64,1,68,63,0,'Whois Lookup, Domain Availability & IP Search - DomainTools',NULL,NULL,1627401894142000,1627401898509000,'mFYIopw0Htxe',1,2);
INSERT INTO moz_bookmarks VALUES(65,2,NULL,3,5,'Hashes y ficheros',NULL,NULL,1627402260142000,1627402717577000,'sjkS6DlNTa7F',1,8);
INSERT INTO moz_bookmarks VALUES(66,1,70,65,0,'Koodous',NULL,NULL,1627402272052000,1627402277839000,'sW0s9tibZn1o',1,2);
INSERT INTO moz_bookmarks VALUES(67,1,84,65,1,'Decrypt MD5, SHA1, MySQL, NTLM, SHA256, SHA512, Wordpress, Bcrypt hashes for free online',NULL,NULL,1627402563313000,1627402563313000,'C3ImhJLwfQlM',1,1);
INSERT INTO moz_bookmarks VALUES(69,2,NULL,3,2,'Correos electrónicos',NULL,NULL,1627402697362000,1627986594074000,'w6G9lHUIqn6O',1,9);
INSERT INTO moz_bookmarks VALUES(70,1,86,69,0,'Have I Been Pwned: Check if your email has been compromised in a data breach',NULL,NULL,1627402710842000,1627402717577000,'ckbLtGOC_nOa',1,2);
INSERT INTO moz_bookmarks VALUES(72,1,92,69,1,'Find the source of your leaks - LeakedSource',NULL,NULL,1627402901271000,1627402901271000,'Xyw1lGeGFdFx',1,1);
INSERT INTO moz_bookmarks VALUES(73,2,NULL,3,7,'Usuarios',NULL,NULL,1627403232892000,1627403431408000,'6SrTqv2siOQ8',1,6);
INSERT INTO moz_bookmarks VALUES(74,1,94,73,0,'Namechk | Username, Domain, and Trademark Search | Username Registration',NULL,NULL,1627403243489000,1627403251452000,'fNIVRIDIc5Ma',1,2);
INSERT INTO moz_bookmarks VALUES(75,1,96,73,1,'Username Checker - Social Media Name & Domain Availability Checker',NULL,NULL,1627403317728000,1627403317728000,'hKgAI2cWcIm2',1,1);
INSERT INTO moz_bookmarks VALUES(76,2,NULL,3,6,'Redes sociales',NULL,NULL,1627403402883000,1627550917535000,'E4PmGIhjMu7N',1,10);
INSERT INTO moz_bookmarks VALUES(77,1,99,76,0,'tinfoleak | Free dossier of a twitter user',NULL,NULL,1627403424965000,1627403431408000,'FwMGAFzDARcG',1,2);
INSERT INTO moz_bookmarks VALUES(78,1,101,76,1,'Twitter Analytics for Tweets, Timelines & Twitter Maps | Social Bearing',NULL,NULL,1627403480745000,1627403480745000,'KexlN5o26wOq',1,1);
INSERT INTO moz_bookmarks VALUES(80,2,NULL,3,1,'Buscador de  Servicios e imágenes',NULL,NULL,1627404001402000,1627465822145000,'Fs2OQoe_8EXU',1,8);
INSERT INTO moz_bookmarks VALUES(81,1,113,80,2,'Imágenes de Google',NULL,NULL,1627404142762000,1627404153325000,'WxR_Tdv5ETRQ',1,2);
INSERT INTO moz_bookmarks VALUES(82,1,115,57,6,'Spyse — Internet Assets Search Engine',NULL,NULL,1627404239708000,1627404244454000,'zAT54htmmkyV',1,2);
INSERT INTO moz_bookmarks VALUES(83,1,117,45,7,'OSINT Framework',NULL,NULL,1627404354077000,1627404373559000,'23ddMqZxvHpW',1,2);
INSERT INTO moz_bookmarks VALUES(84,1,121,45,8,'Carrot2 search results clustering engine',NULL,NULL,1627914982424000,1627914982424000,'oxavJwKH4a_Z',1,1);
INSERT INTO moz_bookmarks VALUES(85,1,145,57,0,'DNSdumpster.com - dns recon and research, find and lookup dns records',NULL,NULL,1627986286165000,1627986371851000,'LWHjreDamxFY',1,2);
INSERT INTO moz_bookmarks VALUES(86,1,147,57,1,'Comprehensive IP address data, IP geolocation API and database - IPinfo.io',NULL,NULL,1627986333401000,1627986385344000,'HAFjD2Upgf9Y',1,1);
CREATE TABLE moz_bookmarks_deleted (  guid TEXT PRIMARY KEY, dateRemoved INTEGER NOT NULL DEFAULT 0);
CREATE TABLE moz_keywords (  id INTEGER PRIMARY KEY AUTOINCREMENT, keyword TEXT UNIQUE, place_id INTEGER, post_data TEXT);
CREATE TABLE moz_anno_attributes (  id INTEGER PRIMARY KEY, name VARCHAR(32) UNIQUE NOT NULL);
CREATE TABLE moz_annos (  id INTEGER PRIMARY KEY, place_id INTEGER NOT NULL, anno_attribute_id INTEGER, content LONGVARCHAR, flags INTEGER DEFAULT 0, expiration INTEGER DEFAULT 0, type INTEGER DEFAULT 0, dateAdded INTEGER DEFAULT 0, lastModified INTEGER DEFAULT 0);
CREATE TABLE moz_items_annos (  id INTEGER PRIMARY KEY, item_id INTEGER NOT NULL, anno_attribute_id INTEGER, content LONGVARCHAR, flags INTEGER DEFAULT 0, expiration INTEGER DEFAULT 0, type INTEGER DEFAULT 0, dateAdded INTEGER DEFAULT 0, lastModified INTEGER DEFAULT 0);
CREATE TABLE moz_meta (key TEXT PRIMARY KEY, value NOT NULL) WITHOUT ROWID ;
INSERT INTO moz_meta VALUES('bookmarks/lastusedfolders','data:application/json;base64,WyJoem05MndpQTlkbTQiLCJ4ZFpiTEtVY1BrdmEiLCJGczJPUW9lXzhFWFUiLCJFNFBtR0loak11N04iLCI2U3JUcXYyc2lPUTgiLCJ3Nkc5bEhVSXFuNk8iLCJzamtTNkRsTlRhN0YiXQ==');
INSERT INTO moz_meta VALUES('origin_frecency_count',19);
INSERT INTO moz_meta VALUES('origin_frecency_sum',10273);
INSERT INTO moz_meta VALUES('origin_frecency_sum_of_squares',30535923);
INSERT INTO moz_meta VALUES('sync/bookmarks/wiperemote',1);
ANALYZE sqlite_master;
INSERT INTO sqlite_stat1 VALUES('moz_places','moz_places_originidindex','11 2');
INSERT INTO sqlite_stat1 VALUES('moz_places','moz_places_guid_uniqueindex','11 1');
INSERT INTO sqlite_stat1 VALUES('moz_places','moz_places_lastvisitdateindex','11 4');
INSERT INTO sqlite_stat1 VALUES('moz_places','moz_places_frecencyindex','11 4');
INSERT INTO sqlite_stat1 VALUES('moz_places','moz_places_visitcount','11 6');
INSERT INTO sqlite_stat1 VALUES('moz_places','moz_places_hostindex','11 2');
INSERT INTO sqlite_stat1 VALUES('moz_places','moz_places_url_hashindex','11 1');
INSERT INTO sqlite_stat1 VALUES('moz_historyvisits','moz_historyvisits_dateindex','2 1');
INSERT INTO sqlite_stat1 VALUES('moz_historyvisits','moz_historyvisits_fromindex','2 1');
INSERT INTO sqlite_stat1 VALUES('moz_historyvisits','moz_historyvisits_placedateindex','2 1 1');
INSERT INTO sqlite_stat1 VALUES('moz_bookmarks','moz_bookmarks_guid_uniqueindex','17 1');
INSERT INTO sqlite_stat1 VALUES('moz_bookmarks','moz_bookmarks_dateaddedindex','17 5');
INSERT INTO sqlite_stat1 VALUES('moz_bookmarks','moz_bookmarks_itemlastmodifiedindex','17 2 2');
INSERT INTO sqlite_stat1 VALUES('moz_bookmarks','moz_bookmarks_parentindex','17 3 1');
INSERT INTO sqlite_stat1 VALUES('moz_bookmarks','moz_bookmarks_itemindex','17 2 2');
INSERT INTO sqlite_stat1 VALUES('moz_places','moz_places_originidindex','13 2');
INSERT INTO sqlite_stat1 VALUES('moz_places','moz_places_guid_uniqueindex','13 1');
INSERT INTO sqlite_stat1 VALUES('moz_places','moz_places_lastvisitdateindex','13 3');
INSERT INTO sqlite_stat1 VALUES('moz_places','moz_places_frecencyindex','13 5');
INSERT INTO sqlite_stat1 VALUES('moz_places','moz_places_visitcount','13 7');
INSERT INTO sqlite_stat1 VALUES('moz_places','moz_places_hostindex','13 2');
INSERT INTO sqlite_stat1 VALUES('moz_places','moz_places_url_hashindex','13 1');
INSERT INTO sqlite_stat1 VALUES('moz_bookmarks','moz_bookmarks_guid_uniqueindex','17 1');
INSERT INTO sqlite_stat1 VALUES('moz_bookmarks','moz_bookmarks_dateaddedindex','17 5');
INSERT INTO sqlite_stat1 VALUES('moz_bookmarks','moz_bookmarks_itemlastmodifiedindex','17 2 2');
INSERT INTO sqlite_stat1 VALUES('moz_bookmarks','moz_bookmarks_parentindex','17 3 1');
INSERT INTO sqlite_stat1 VALUES('moz_bookmarks','moz_bookmarks_itemindex','17 2 2');
INSERT INTO sqlite_stat1 VALUES('moz_places','moz_places_originidindex','9 2');
INSERT INTO sqlite_stat1 VALUES('moz_places','moz_places_guid_uniqueindex','9 1');
INSERT INTO sqlite_stat1 VALUES('moz_places','moz_places_lastvisitdateindex','9 5');
INSERT INTO sqlite_stat1 VALUES('moz_places','moz_places_frecencyindex','9 5');
INSERT INTO sqlite_stat1 VALUES('moz_places','moz_places_visitcount','9 5');
INSERT INTO sqlite_stat1 VALUES('moz_places','moz_places_hostindex','9 2');
INSERT INTO sqlite_stat1 VALUES('moz_places','moz_places_url_hashindex','9 1');
INSERT INTO sqlite_stat1 VALUES('moz_bookmarks','moz_bookmarks_guid_uniqueindex','25 1');
INSERT INTO sqlite_stat1 VALUES('moz_bookmarks','moz_bookmarks_dateaddedindex','25 2');
INSERT INTO sqlite_stat1 VALUES('moz_bookmarks','moz_bookmarks_itemlastmodifiedindex','25 3 2');
INSERT INTO sqlite_stat1 VALUES('moz_bookmarks','moz_bookmarks_parentindex','25 3 1');
INSERT INTO sqlite_stat1 VALUES('moz_bookmarks','moz_bookmarks_itemindex','25 3 3');
INSERT INTO sqlite_stat1 VALUES('moz_historyvisits','moz_historyvisits_dateindex','24 1');
INSERT INTO sqlite_stat1 VALUES('moz_historyvisits','moz_historyvisits_fromindex','24 3');
INSERT INTO sqlite_stat1 VALUES('moz_historyvisits','moz_historyvisits_placedateindex','24 2 1');
INSERT INTO sqlite_stat1 VALUES('moz_places','moz_places_originidindex','13 2');
INSERT INTO sqlite_stat1 VALUES('moz_places','moz_places_guid_uniqueindex','13 1');
INSERT INTO sqlite_stat1 VALUES('moz_places','moz_places_lastvisitdateindex','13 3');
INSERT INTO sqlite_stat1 VALUES('moz_places','moz_places_frecencyindex','13 5');
INSERT INTO sqlite_stat1 VALUES('moz_places','moz_places_visitcount','13 7');
INSERT INTO sqlite_stat1 VALUES('moz_places','moz_places_hostindex','13 2');
INSERT INTO sqlite_stat1 VALUES('moz_places','moz_places_url_hashindex','13 1');
INSERT INTO sqlite_stat1 VALUES('moz_bookmarks','moz_bookmarks_guid_uniqueindex','17 1');
INSERT INTO sqlite_stat1 VALUES('moz_bookmarks','moz_bookmarks_dateaddedindex','17 5');
INSERT INTO sqlite_stat1 VALUES('moz_bookmarks','moz_bookmarks_itemlastmodifiedindex','17 2 2');
INSERT INTO sqlite_stat1 VALUES('moz_bookmarks','moz_bookmarks_parentindex','17 3 1');
INSERT INTO sqlite_stat1 VALUES('moz_bookmarks','moz_bookmarks_itemindex','17 2 2');
INSERT INTO sqlite_stat1 VALUES('moz_places','moz_places_originidindex','9 2');
INSERT INTO sqlite_stat1 VALUES('moz_places','moz_places_guid_uniqueindex','9 1');
INSERT INTO sqlite_stat1 VALUES('moz_places','moz_places_lastvisitdateindex','9 5');
INSERT INTO sqlite_stat1 VALUES('moz_places','moz_places_frecencyindex','9 5');
INSERT INTO sqlite_stat1 VALUES('moz_places','moz_places_visitcount','9 5');
INSERT INTO sqlite_stat1 VALUES('moz_places','moz_places_hostindex','9 2');
INSERT INTO sqlite_stat1 VALUES('moz_places','moz_places_url_hashindex','9 1');
INSERT INTO sqlite_stat1 VALUES('moz_bookmarks','moz_bookmarks_guid_uniqueindex','25 1');
INSERT INTO sqlite_stat1 VALUES('moz_bookmarks','moz_bookmarks_dateaddedindex','25 2');
INSERT INTO sqlite_stat1 VALUES('moz_bookmarks','moz_bookmarks_itemlastmodifiedindex','25 3 2');
INSERT INTO sqlite_stat1 VALUES('moz_bookmarks','moz_bookmarks_parentindex','25 3 1');
INSERT INTO sqlite_stat1 VALUES('moz_bookmarks','moz_bookmarks_itemindex','25 3 3');
INSERT INTO sqlite_stat1 VALUES('moz_historyvisits','moz_historyvisits_dateindex','24 1');
INSERT INTO sqlite_stat1 VALUES('moz_historyvisits','moz_historyvisits_fromindex','24 3');
INSERT INTO sqlite_stat1 VALUES('moz_historyvisits','moz_historyvisits_placedateindex','24 2 1');
INSERT INTO sqlite_stat1 VALUES('moz_inputhistory','sqlite_autoindex_moz_inputhistory_1','1 1 1');
DELETE FROM sqlite_sequence;
CREATE INDEX moz_places_url_hashindex ON moz_places (url_hash);
CREATE INDEX moz_places_hostindex ON moz_places (rev_host);
CREATE INDEX moz_places_visitcount ON moz_places (visit_count);
CREATE INDEX moz_places_frecencyindex ON moz_places (frecency);
CREATE INDEX moz_places_lastvisitdateindex ON moz_places (last_visit_date);
CREATE UNIQUE INDEX moz_places_guid_uniqueindex ON moz_places (guid);
CREATE INDEX moz_places_originidindex ON moz_places (origin_id);
CREATE INDEX moz_historyvisits_placedateindex ON moz_historyvisits (place_id, visit_date);
CREATE INDEX moz_historyvisits_fromindex ON moz_historyvisits (from_visit);
CREATE INDEX moz_historyvisits_dateindex ON moz_historyvisits (visit_date);
CREATE INDEX moz_bookmarks_itemindex ON moz_bookmarks (fk, type);
CREATE INDEX moz_bookmarks_parentindex ON moz_bookmarks (parent, position);
CREATE INDEX moz_bookmarks_itemlastmodifiedindex ON moz_bookmarks (fk, lastModified);
CREATE INDEX moz_bookmarks_dateaddedindex ON moz_bookmarks (dateAdded);
CREATE UNIQUE INDEX moz_bookmarks_guid_uniqueindex ON moz_bookmarks (guid);
CREATE UNIQUE INDEX moz_keywords_placepostdata_uniqueindex ON moz_keywords (place_id, post_data);
CREATE UNIQUE INDEX moz_annos_placeattributeindex ON moz_annos (place_id, anno_attribute_id);
CREATE UNIQUE INDEX moz_items_annos_itemattributeindex ON moz_items_annos (item_id, anno_attribute_id);
COMMIT;
