PRAGMA foreign_keys=OFF;
BEGIN TRANSACTION;
CREATE TABLE moz_origins ( id INTEGER PRIMARY KEY, prefix TEXT NOT NULL, host TEXT NOT NULL, frecency INTEGER NOT NULL, UNIQUE (prefix, host) );
INSERT INTO moz_origins VALUES(1,'https://','www.mozilla.org',361);
INSERT INTO moz_origins VALUES(3,'http://','www.ubuntu.com',143);
INSERT INTO moz_origins VALUES(4,'http://','wiki.ubuntu.com',143);
INSERT INTO moz_origins VALUES(5,'https://','answers.launchpad.net',178);
INSERT INTO moz_origins VALUES(6,'http://','www.debian.org',143);
INSERT INTO moz_origins VALUES(7,'https://','www.wappalyzer.com',477);
INSERT INTO moz_origins VALUES(8,'https://','dnsdumpster.com',143);
INSERT INTO moz_origins VALUES(9,'https://','ipinfo.io',143);
INSERT INTO moz_origins VALUES(10,'https://','spyse.com',2218);
INSERT INTO moz_origins VALUES(11,'https://','osintframework.com',318);
INSERT INTO moz_origins VALUES(12,'https://','www.google.com',50800);
INSERT INTO moz_origins VALUES(13,'https://','mybrowseraddon.com',100);
INSERT INTO moz_origins VALUES(14,'https://','login.launchpad.net',90);
INSERT INTO moz_origins VALUES(15,'http://','www.google.es',2000);
INSERT INTO moz_origins VALUES(16,'https://','www.google.es',2075);
INSERT INTO moz_origins VALUES(17,'https://','www.bing.com',2075);
INSERT INTO moz_origins VALUES(18,'https://','www.baidu.com',2075);
INSERT INTO moz_origins VALUES(19,'https://','yandex.com',2075);
INSERT INTO moz_origins VALUES(20,'https://','duckduckgo.com',4150);
INSERT INTO moz_origins VALUES(21,'https://','www.exploit-db.com',2075);
INSERT INTO moz_origins VALUES(22,'https://','archive.org',2075);
INSERT INTO moz_origins VALUES(23,'http://','shodan.io',2000);
INSERT INTO moz_origins VALUES(24,'https://','shodan.io',25);
INSERT INTO moz_origins VALUES(25,'https://','www.shodan.io',125);
INSERT INTO moz_origins VALUES(26,'https://','censys.io',175);
INSERT INTO moz_origins VALUES(27,'http://','censys.io',100);
INSERT INTO moz_origins VALUES(28,'https://','search.censys.io',175);
INSERT INTO moz_origins VALUES(29,'https://','www.zoomeye.org',6725);
INSERT INTO moz_origins VALUES(30,'https://','noticiasseguridad.com',100);
INSERT INTO moz_origins VALUES(31,'https://','viewdns.info',350);
INSERT INTO moz_origins VALUES(32,'https://','www.abuseipdb.com',175);
INSERT INTO moz_origins VALUES(33,'https://','scamalytics.com',425);
INSERT INTO moz_origins VALUES(34,'https://','www.virustotal.com',200);
INSERT INTO moz_origins VALUES(35,'https://','www.dragonjar.org',100);
INSERT INTO moz_origins VALUES(36,'https://','www.incibe-cert.es',100);
INSERT INTO moz_origins VALUES(37,'https://','www.spamhaus.com',100);
INSERT INTO moz_origins VALUES(38,'https://','www.circl.lu',100);
INSERT INTO moz_origins VALUES(39,'https://','www.robtex.com',175);
INSERT INTO moz_origins VALUES(40,'https://','whois.domaintools.com',175);
INSERT INTO moz_origins VALUES(41,'https://','koodous.com',375);
INSERT INTO moz_origins VALUES(42,'https://','www.sans.org',90);
INSERT INTO moz_origins VALUES(43,'https://','hashes.com',200);
INSERT INTO moz_origins VALUES(44,'https://','haveibeenpwned.com',175);
INSERT INTO moz_origins VALUES(45,'https://','leakedbb.com',200);
INSERT INTO moz_origins VALUES(46,'https://','leakedsource.ru',175);
INSERT INTO moz_origins VALUES(47,'https://','namechk.com',350);
INSERT INTO moz_origins VALUES(48,'https://','checkuser.org',350);
INSERT INTO moz_origins VALUES(49,'https://','www.isecauditors.com',100);
INSERT INTO moz_origins VALUES(50,'https://','tinfoleak.com',175);
INSERT INTO moz_origins VALUES(51,'https://','socialbearing.com',175);
INSERT INTO moz_origins VALUES(52,'https://','pipl.com',4895);
INSERT INTO moz_origins VALUES(53,'https://','www.adslzone.net',100);
INSERT INTO moz_origins VALUES(54,'http://','images.google.es',2000);
INSERT INTO moz_origins VALUES(55,'https://','images.google.es',2075);
INSERT INTO moz_origins VALUES(56,'http://','spyse.com',2000);
CREATE TABLE moz_places (   id INTEGER PRIMARY KEY, url LONGVARCHAR, title LONGVARCHAR, rev_host LONGVARCHAR, visit_count INTEGER DEFAULT 0, hidden INTEGER DEFAULT 0 NOT NULL, typed INTEGER DEFAULT 0 NOT NULL, frecency INTEGER DEFAULT -1 NOT NULL, last_visit_date INTEGER , guid TEXT, foreign_count INTEGER DEFAULT 0 NOT NULL, url_hash INTEGER DEFAULT 0 NOT NULL , description TEXT, preview_image_url TEXT, origin_id INTEGER REFERENCES moz_origins(id));
INSERT INTO moz_places VALUES(1,'https://www.mozilla.org/privacy/firefox/',NULL,'gro.allizom.www.',1,1,0,24,1627123084350278,'n5fIoVP0aUmJ',0,47356411089529,NULL,NULL,1);
INSERT INTO moz_places VALUES(5,'https://www.mozilla.org/es-ES/about/','Descubre más sobre Mozilla — Mozilla','gro.allizom.www.',1,0,0,150,1627399350715226,'Kto4AVXGwBzY',1,47358639445863,replace('\n  about-mozilla-makes-browsers-apps-long\n','\n',char(10)),'https://www.mozilla.org/media/img/mozorg/mozilla-256.4720741d4108.jpg',1);
INSERT INTO moz_places VALUES(6,'http://www.ubuntu.com/',NULL,'moc.utnubu.www.',0,0,0,140,NULL,'MeuCSXEdWqZd',1,125508050257634,NULL,NULL,3);
INSERT INTO moz_places VALUES(7,'http://wiki.ubuntu.com/',NULL,'moc.utnubu.ikiw.',0,0,0,140,NULL,'EwDSLOAK3EJZ',1,125511519733047,NULL,NULL,4);
INSERT INTO moz_places VALUES(8,'https://answers.launchpad.net/ubuntu/+addquestion',NULL,'ten.daphcnual.srewsna.',1,0,0,100,1627395986985401,'R5JQGvxJI3Ol',1,47359338650210,NULL,NULL,5);
INSERT INTO moz_places VALUES(9,'http://www.debian.org/',NULL,'gro.naibed.www.',0,0,0,140,NULL,'GAeO1K_q608h',2,125508165346216,NULL,NULL,6);
INSERT INTO moz_places VALUES(10,'https://www.mozilla.org/es-ES/privacy/firefox/','Aviso de privacidad de Firefox — Mozilla','gro.allizom.www.',1,0,0,175,1627123084612264,'MIZomOxWXUQb',0,47360088379120,replace('\n  Our Privacy Notices describe the data our products and services receive, share, and use, as well as choices available to you.\n','\n',char(10)),'https://www.mozilla.org/media/img/mozorg/mozilla-256.4720741d4108.jpg',1);
INSERT INTO moz_places VALUES(12,'https://www.wappalyzer.com/installed/?utm_source=installed&utm_medium=extension&utm_campaign=wappalyzer','Installation successful - Wappalyzer','moc.rezylappaw.www.',1,0,0,175,1627123117660084,'n0wP0SlrYBxQ',0,47360488869919,NULL,NULL,7);
INSERT INTO moz_places VALUES(13,'https://www.wappalyzer.com/installed?utm_source=installed&utm_medium=extension&utm_campaign=wappalyzer','Installation successful - Wappalyzer','moc.rezylappaw.www.',1,0,0,98,1627123119853098,'y4JQY7ycHc3z',0,47360410894994,NULL,NULL,7);
INSERT INTO moz_places VALUES(14,'https://www.google.com/search?channel=fs&client=ubuntu&q=mantis','mantis - Buscar con Google','moc.elgoog.www.',1,0,1,1950,1627394243930718,'cpic9fZEfRJO',0,47360352036147,NULL,NULL,12);
INSERT INTO moz_places VALUES(15,'https://www.google.com/search?q=mantis&client=ubuntu&hs=Txl&channel=fs&source=lnms&tbm=isch&sa=X&ved=2ahUKEwi-zML-s4PyAhXx7OAKHWZwBesQ_AUoAXoECAEQAw&biw=962&bih=731','mantis - Búsqueda de Google','moc.elgoog.www.',1,0,0,98,1627394250462542,'Ww1szydFasSe',0,47357400237491,NULL,NULL,12);
INSERT INTO moz_places VALUES(16,'https://mybrowseraddon.com/useragent-switcher.html?v=0.2.9&p=0.2.7&type=update','User-Agent Switcher :: MyBrowserAddon','moc.noddaresworbym.',1,0,0,100,1627394497482031,'kqK6ZjXJyGKw',0,47357992897098,'Quickly and easily switch between popular user-agent strings.','https://cdn.mybrowseraddon.com/images/useragent-switcher-small.png',13);
INSERT INTO moz_places VALUES(17,'https://www.wappalyzer.com/upgraded/?utm_source=upgraded&utm_medium=extension&utm_campaign=wappalyzer','Upgraded - Wappalyzer','moc.rezylappaw.www.',1,0,0,100,1627394499216704,'gU09k0qzGH53',0,47360582870988,NULL,NULL,7);
INSERT INTO moz_places VALUES(18,'https://www.wappalyzer.com/upgraded?utm_source=upgraded&utm_medium=extension&utm_campaign=wappalyzer','Upgraded - Wappalyzer','moc.rezylappaw.www.',1,0,0,100,1627394500672429,'yFWazy8PBdNe',0,47358332985664,NULL,NULL,7);
INSERT INTO moz_places VALUES(19,'https://answers.launchpad.net/ubuntu/+addquestion/+login','OpenID transaction in progress','ten.daphcnual.srewsna.',1,0,0,75,1627395987236285,'2GRJ53Gb5pVC',0,47359052036917,NULL,NULL,5);
INSERT INTO moz_places VALUES(20,'https://login.launchpad.net/ZiSrAaqqYIuK8RY8/+decide','Iniciar sesión','ten.daphcnual.nigol.',2,0,0,65,1627395988295612,'c9ux__PJIYkE',0,47359259466174,NULL,NULL,14);
INSERT INTO moz_places VALUES(21,'https://login.launchpad.net/+cookie?next=%2FZiSrAaqqYIuK8RY8%2F%2Bdecide',NULL,'ten.daphcnual.nigol.',1,1,0,25,1627395988118610,'P7RHuB6gjkNL',0,47358494025649,NULL,NULL,14);
INSERT INTO moz_places VALUES(22,'http://www.google.es/',NULL,'se.elgoog.www.',1,1,1,2000,1627399121030840,'jVP_PpV68YPR',0,125509169437529,NULL,NULL,15);
INSERT INTO moz_places VALUES(23,'https://www.google.es/?gws_rd=ssl','Google','se.elgoog.www.',1,0,0,2075,1627399121690916,'9yw7zaYZQfeE',1,47358459878864,NULL,NULL,16);
INSERT INTO moz_places VALUES(24,'https://www.bing.com/?cc=es','Bing','moc.gnib.www.',1,0,1,2075,1627399183315305,'2a5Hx5f3zhDF',1,47359135494030,'Located on the shore of Lake Michigan in Chicago, ','https://www.bing.com/th?id=OHR.AdlerPlanetarium_ROW8985601551_tmb.jpg&rf=',17);
INSERT INTO moz_places VALUES(25,'https://www.baidu.com/','百度一下，你就知道','moc.udiab.www.',1,0,1,2075,1627399207618382,'V_BMxOM4o-82',1,47359496662664,'全球领先的中文搜索引擎、致力于让网民更便捷地获取信息，找到所求。百度超过千亿的中文网页数据库，可以瞬间找到相关的搜索结果。',NULL,18);
INSERT INTO moz_places VALUES(26,'https://yandex.com/','Yandex','moc.xednay.',1,0,1,2075,1627399235527870,'M7rqRm6Ydye2',1,47357723064286,'Yandex is a technology company that builds intelligent products and services powered by machine learning. Our goal is to help consumers and businesses better navigate the online and offline world. Since 1997, we have delivered world-class, locally relevant','https://yastatic.net/s3/home-static/_/90/9034470dfcb0bea0db29a281007b8a38.png',19);
INSERT INTO moz_places VALUES(27,'https://duckduckgo.com/','DuckDuckGo — La privacidad, simplificada.','moc.ogkcudkcud.',2,0,1,4150,1627399463573216,'rDz01GGpkBZ0',1,47357557756924,'The Internet privacy company that empowers you to seamlessly take control of your personal information online, without any tradeoffs.','https://duckduckgo.com/assets/logo_social-media.png',20);
INSERT INTO moz_places VALUES(28,'https://www.exploit-db.com/google-hacking-database','Google Hacking Database (GHDB) - Google Dorks, OSINT, Recon','moc.bd-tiolpxe.www.',1,0,1,2075,1627399518893185,'ez81ui0j1uCN',1,47359107925306,'The GHDB is an index of search queries (we call them dorks) used to find publicly available information, intended for pentesters and security researchers.',NULL,21);
INSERT INTO moz_places VALUES(29,'https://archive.org/','Internet Archive: Digital Library of Free & Borrowable Books, Movies, Music & Wayback Machine','gro.evihcra.',1,0,1,2075,1627399546041832,'GwgkqQlGz2Ou',1,47358558026662,NULL,NULL,22);
INSERT INTO moz_places VALUES(30,'http://shodan.io/',NULL,'oi.nadohs.',1,0,1,2000,1627400547471091,'uy5Llkh7b4Cd',0,125511438724314,NULL,NULL,23);
INSERT INTO moz_places VALUES(31,'https://shodan.io/',NULL,'oi.nadohs.',1,1,0,25,1627400548364970,'dYqiCS9zNjoW',0,47360255336180,NULL,NULL,24);
INSERT INTO moz_places VALUES(32,'https://www.shodan.io/','Shodan Search Engine','oi.nadohs.www.',1,0,0,125,1627400549136241,'HXkgRq5efcaC',1,47357435174161,'Search engine of Internet-connected devices. Create a free account to get started.','https://www.shodan.io/static/img/opengraph.png',25);
INSERT INTO moz_places VALUES(33,'https://www.google.com/search?channel=fs&client=ubuntu&q=censys','censys - Buscar con Google','moc.elgoog.www.',2,0,1,4000,1627400690724802,'k16lgUXTNW0x',0,47357253837068,NULL,NULL,12);
INSERT INTO moz_places VALUES(34,'https://censys.io/','Home - Censys','oi.sysnec.',1,0,0,100,1627400587030155,'nhjY0GzkKmxg',0,47359629372037,'See Your Entire Attack Surface in Real-Time. Get a current view of all of your organization''s assets so you can proactively prevent targeted attacks and investigate suspicious activity.','https://censys.io/wp-content/uploads/worldmap.jpeg',26);
INSERT INTO moz_places VALUES(35,'https://censys.io/product',NULL,'oi.sysnec.',1,1,0,25,1627400602353705,'TESMOYhPJDaG',0,47358244628137,NULL,NULL,26);
INSERT INTO moz_places VALUES(36,'http://censys.io/product/',NULL,'oi.sysnec.',1,0,0,100,1627400602358105,'RCnI30-k-SiI',0,125507983369993,NULL,NULL,27);
INSERT INTO moz_places VALUES(37,'https://censys.io/product/','Products - Censys','oi.sysnec.',1,0,0,50,1627400602971885,'2zVSUi0qVeKb',0,47357240698553,NULL,NULL,26);
INSERT INTO moz_places VALUES(38,'https://search.censys.io/','Censys Search','oi.sysnec.hcraes.',1,0,0,175,1627400695409497,'cir852rdyvrp',1,47357121908980,'Censys helps organizations, individuals, and researchers find and monitor every server on the Internet to reduce exposure and improve security.','https://search.censys.io/static/img/censys-small.png',28);
INSERT INTO moz_places VALUES(39,'https://www.google.com/search?channel=fs&client=ubuntu&q=zoomeye','zoomeye - Buscar con Google','moc.elgoog.www.',1,0,1,2000,1627400870028138,'jPvVMJSOIxAZ',0,47360491302149,NULL,NULL,12);
INSERT INTO moz_places VALUES(40,'https://www.zoomeye.org/','首页 - 网络空间测绘,网络安全,漏洞分析,动态测绘,钟馗之眼,时空测绘,赛博测绘 - ZoomEye("钟馗之眼")网络空间搜索引擎','gro.eyemooz.www.',3,0,1,4325,1627401214787007,'S2-mketYAsTG',1,47356938310604,NULL,NULL,29);
INSERT INTO moz_places VALUES(41,'https://www.zoomeye.org/es','ZoomEye - Cyberspace Search Engine','gro.eyemooz.www.',1,0,1,2000,1627400994505873,'_-OE7uGjMDH9',0,47359679271576,NULL,NULL,29);
INSERT INTO moz_places VALUES(42,'https://www.google.com/search?channel=fs&client=ubuntu&q=zoomeye+english','zoomeye english - Buscar con Google','moc.elgoog.www.',1,0,1,2000,1627401012572629,'G9iIPdGCufQM',0,47356800857043,NULL,NULL,12);
INSERT INTO moz_places VALUES(43,'https://www.zoomeye.org/about','ZoomEye - Cyberspace Search Engine','gro.eyemooz.www.',1,0,0,100,1627401018338149,'65eaKNeqUHoj',0,47359738259781,NULL,NULL,29);
INSERT INTO moz_places VALUES(44,'https://www.zoomeye.org/doc?channel=user','开发 - 网络空间测绘,网络安全,漏洞分析,动态测绘,钟馗之眼,时空测绘,赛博测绘 - ZoomEye("钟馗之眼")网络空间搜索引擎','gro.eyemooz.www.',1,0,0,100,1627401038288495,'_bxBN6hHnZVd',0,47356515388342,NULL,NULL,29);
INSERT INTO moz_places VALUES(45,'https://www.zoomeye.org/searchResult?q=soybiti.es','soybiti.es - 网络空间测绘,网络安全,漏洞分析,动态测绘,钟馗之眼,时空测绘,赛博测绘 - ZoomEye("钟馗之眼")网络空间搜索引擎','gro.eyemooz.www.',1,0,0,100,1627401065947390,'JfpI_H4OojO9',0,47357284570088,NULL,NULL,29);
INSERT INTO moz_places VALUES(46,'https://www.google.com/search?channel=fs&client=ubuntu&q=zoomeye+en+ingles','zoomeye en ingles - Buscar con Google','moc.elgoog.www.',1,0,1,2000,1627401091298734,'pGyPHI8cyRky',0,47358546625728,NULL,NULL,12);
INSERT INTO moz_places VALUES(47,'https://www.zoomeye.org/share','贡献 - 网络空间测绘,网络安全,漏洞分析,动态测绘,钟馗之眼,时空测绘,赛博测绘 - ZoomEye("钟馗之眼")网络空间搜索引擎','gro.eyemooz.www.',1,0,0,100,1627401095532219,'d7R4iDLvb9yu',0,47359947314564,NULL,NULL,29);
INSERT INTO moz_places VALUES(48,'https://noticiasseguridad.com/tutoriales/zoomeye-encuentre-servidores-abiertos-webcams-vulnerabilidades-en-sitios-para-adultos%EF%BB%BF/','ZOOMEYE – Encuentre servidores abiertos, webcams, vulnerabilidades en sitios para adultos﻿','moc.dadirugessaiciton.',1,0,0,100,1627401106227112,'Qp3e6Yc9I0Sr',0,47357464629729,'ZOOMEYE – Encuentre servidores abiertos, webcams, vulnerabilidades en sitios para adultos﻿ - Tutoriales','https://noticiasseguridad.com/nsnews_u/2018/12/zoom01.png',30);
INSERT INTO moz_places VALUES(49,'https://www.google.com/search?channel=fs&client=ubuntu&q=viewdns','viewdns - Buscar con Google','moc.elgoog.www.',1,0,1,2000,1627401361496035,'MUmuO0huAdyM',0,47357274633345,NULL,NULL,12);
INSERT INTO moz_places VALUES(50,'https://viewdns.info/','ViewDNS.info - Your one source for DNS related tools!','ofni.sndweiv.',1,0,0,175,1627401409484455,'7D3YwB2yscA_',1,47357817523786,NULL,NULL,31);
INSERT INTO moz_places VALUES(51,'https://www.google.com/search?channel=fs&client=ubuntu&q=abuseipdb','abuseipdb - Buscar con Google','moc.elgoog.www.',1,0,1,2000,1627401456183968,'Unk7XbAv8IyS',0,47357398118396,NULL,NULL,12);
INSERT INTO moz_places VALUES(52,'https://www.abuseipdb.com/','AbuseIPDB - IP address abuse reports - Making the Internet safer, one IP at a time','moc.bdpiesuba.www.',1,0,0,175,1627401459684476,'RbcUMUcrggnw',1,47359758015403,NULL,NULL,32);
INSERT INTO moz_places VALUES(53,'https://www.google.com/search?channel=fs&client=ubuntu&q=scamalytics','scamalytics - Buscar con Google','moc.elgoog.www.',1,0,1,2000,1627401500010648,'13I30YJHn2fJ',0,47358862002848,NULL,NULL,12);
INSERT INTO moz_places VALUES(54,'https://scamalytics.com/','Scamalytics','moc.scitylamacs.',1,0,0,100,1627401503302499,'bpfBJOO99Sw8',0,47357201285044,NULL,NULL,33);
INSERT INTO moz_places VALUES(55,'https://scamalytics.com/ip','IP Address Fraud Check','moc.scitylamacs.',2,0,0,325,1627468022228042,'fry_uM2CUzxo',1,47360456459351,'Lookup any IP address to fraud check that IP. Check the fraud score, view supporting information including true country, operator, proxy status, and Tor status.',NULL,33);
INSERT INTO moz_places VALUES(56,'https://www.google.com/search?channel=fs&client=ubuntu&q=Virustotal','Virustotal - Buscar con Google','moc.elgoog.www.',1,0,1,2000,1627401596953392,'Xh7ZZzCOjpBN',0,47359652339498,NULL,NULL,12);
INSERT INTO moz_places VALUES(57,'https://www.virustotal.com/',NULL,'moc.latotsuriv.www.',1,1,0,25,1627401599697032,'NiYK6uFbcc4Z',0,47358797261083,NULL,NULL,34);
INSERT INTO moz_places VALUES(58,'https://www.virustotal.com/gui/','VirusTotal','moc.latotsuriv.www.',1,0,0,175,1627401599903112,'JtDlSXK3pk3E',1,47357419842988,'VirusTotal',NULL,34);
INSERT INTO moz_places VALUES(59,'https://www.google.com/search?channel=fs&client=ubuntu&q=passive+DNS','passive DNS - Buscar con Google','moc.elgoog.www.',1,0,1,2000,1627401652465472,'9uBdwHvWLGpV',0,47358734945084,NULL,NULL,12);
INSERT INTO moz_places VALUES(60,'https://www.dragonjar.org/passive-dns.xhtml','Passive DNS - DragonJAR','gro.rajnogard.www.',1,0,0,100,1627401656829623,'Gn6XEBIrrjK5',0,47359005815776,'Llevo un par de semanas trabajando, montando una infraestructura para montar un…','http://www.dragonjar.org/wp-content/uploads/2013/07/passive_dns-216x300.jpg',35);
INSERT INTO moz_places VALUES(61,'https://www.incibe-cert.es/blog/uso-y-abuso-dns','Uso y abuso de DNS | INCIBE-CERT','se.trec-ebicni.www.',1,0,0,100,1627401687450705,'3kOwUsucXxzB',0,47358449729928,'DNS, es un protocolo presente casi en la totalidad de comunicaciones en red y por ello resulta muy atractivo como herramienta para realizar ataques y/o distribuir software malintencionado como virus,','https://www.incibe-cert.es/sites/default/files/contenidos/blog/dnsmalware.png',36);
INSERT INTO moz_places VALUES(62,'https://www.spamhaus.com/product/passive-dns/','Passive DNS | A DNS Research Tool | Spamhaus Technology','moc.suahmaps.www.',1,0,0,100,1627401718840591,'vOVTzsrzpGv9',0,47360362930655,'Passive DNS is a flexible tool which helps you rapidly research DNS infrastructure, allowing you to quickly pivot to new areas of concern.',NULL,37);
INSERT INTO moz_places VALUES(63,'https://www.google.com/search?q=passive+dns+online&client=ubuntu&hs=ysn&channel=fs&ei=tC0AYbzaGPmKjLsPwrSRiAE&oq=passive+DNS+on&gs_lcp=Cgdnd3Mtd2l6EAMYADIECAAQEzIICAAQFhAeEBMyCAgAEBYQHhATMggIABAWEB4QEzoHCAAQRxCwAzoCCAA6BggAEBYQHkoECEEYAFCCJ1ilKmDVOGgBcAJ4AIABrQGIAYQFkgEDMC40mAEAoAEBqgEHZ3dzLXdpesgBCMABAQ&sclient=gws-wiz','passive dns online - Buscar con Google','moc.elgoog.www.',1,0,0,100,1627401736433830,'ayMCSRbwLGI7',0,47359977725436,NULL,NULL,12);
INSERT INTO moz_places VALUES(64,'https://www.circl.lu/services/passive-dns/','CIRCL » Passive DNS','ul.lcric.www.',1,0,0,100,1627401741685520,'8cTJuIko5yg9',0,47357020767544,'CIRCL Passive DNS is a database of historical DNS records.',NULL,38);
INSERT INTO moz_places VALUES(65,'https://www.google.com/search?channel=fs&client=ubuntu&q=robtext','robtext - Buscar con Google','moc.elgoog.www.',1,0,1,2000,1627401765960836,'_cRUmY0V469N',0,47358316626831,NULL,NULL,12);
INSERT INTO moz_places VALUES(66,'https://www.robtex.com/','Welcome to Robtex!','moc.xetbor.www.',1,0,0,175,1627401770432849,'7EAYfCAniGgl',1,47359706723868,NULL,'https://gfx.robtex.com/gfx/graph.png?dns=&square=256',39);
INSERT INTO moz_places VALUES(67,'https://www.google.com/search?channel=fs&client=ubuntu&q=domaintools','domaintools - Buscar con Google','moc.elgoog.www.',1,0,1,2000,1627401855019915,'f6J38G62096f',0,47356637002314,NULL,NULL,12);
INSERT INTO moz_places VALUES(68,'https://whois.domaintools.com/','Whois Lookup, Domain Availability & IP Search - DomainTools','moc.slootniamod.siohw.',1,0,0,175,1627401862446972,'ASuceYZEh2Ux',1,47356382089719,'Research domain ownership with Whois Lookup: Get ownership info, IP address history, rank, traffic, SEO & more. Find available domains & domains for sale.',NULL,40);
INSERT INTO moz_places VALUES(69,'https://www.google.com/search?channel=fs&client=ubuntu&q=koodous','koodous - Buscar con Google','moc.elgoog.www.',1,0,1,2000,1627402196240684,'mT0DlDIC6ctB',0,47357773067995,NULL,NULL,12);
INSERT INTO moz_places VALUES(70,'https://koodous.com/','Koodous','moc.suodook.',1,0,0,175,1627402202058036,'hvn9fqtFQVlg',1,47358536751276,NULL,NULL,41);
INSERT INTO moz_places VALUES(71,'https://koodous.com/apks','Koodous','moc.suodook.',1,0,0,100,1627402226765168,'Dl5noPXt9uWT',0,47358379690258,NULL,NULL,41);
INSERT INTO moz_places VALUES(72,'https://koodous.com/apks/38c642227007ff78c319fed8e3efb8c72e644e88445266fca6a2073d5ddd6e63','Koodous','moc.suodook.',1,0,0,100,1627402230827597,'CFdlDuUd8Ube',0,47360120514578,NULL,NULL,41);
INSERT INTO moz_places VALUES(73,'https://www.google.com/search?channel=fs&client=ubuntu&q=cape','cape - Buscar con Google','moc.elgoog.www.',1,0,1,2000,1627402364514205,'4SYdz4RsquU9',0,47360113417570,NULL,NULL,12);
INSERT INTO moz_places VALUES(74,'https://www.google.com/search?q=cape+hashes&client=ubuntu&hs=9OT&channel=fs&ei=fDAAYdOzHf-KhbIP7paPoAM&oq=cape+hashes&gs_lcp=Cgdnd3Mtd2l6EAMyBQghEKABOgcIABBHELADOgcIABCwAxBDOhAILhDHARCvARCwAxDIAxBDOgoILhCwAxDIAxBDOgoILhCxAxBDEJMCOgQIABBDOgoILhCxAxCDARBDOgoILhDHARCvARBDOgQILhBDOgUILhCTAjoCCAA6AgguOggILhDHARCvAToECAAQEzoGCC4QChATOgwILhDHARCvARAKEBM6CAgAEBYQHhATOgoIABAWEAoQHhATOgYIABAWEB46CAgAEBYQChAeSgUIOBIBMUoECEEYAFCQnAFYuaYBYLKwAWgBcAJ4AIAB-wKIAfMOkgEHMC4zLjQuMZgBAKABAaoBB2d3cy13aXrIAQvAAQE&sclient=gws-wiz&ved=0ahUKEwjT4d2e0oPyAhV_RUEAHW7LAzQQ4dUDCA4&uact=5','cape hashes - Buscar con Google','moc.elgoog.www.',1,0,0,100,1627402388905715,'IQL9U0A7ZtSb',0,47359588698133,NULL,NULL,12);
INSERT INTO moz_places VALUES(75,'https://www.google.com/search?q=cape+osint&client=ubuntu&hs=9j8&channel=fs&ei=lDAAYbi8NYGx8gLS1rS4AQ&oq=cape+osint&gs_lcp=Cgdnd3Mtd2l6EAMyBQghEKABMgUIIRCgATIFCCEQoAE6BggAEAcQHjoICAAQBxAKEB46CggAEAgQBxAKEB46AggAOgYIABAWEB46BAgAEA1KBAhBGAFQm0NYsZABYMyRAWgEcAB4AYABqgKIAZUQkgEFMC41LjWYAQCgAQGqAQdnd3Mtd2l6wAEB&sclient=gws-wiz&ved=0ahUKEwi41q6q0oPyAhWBmFwKHVIrDRcQ4dUDCA4&uact=5','cape osint - Buscar con Google','moc.elgoog.www.',1,0,0,100,1627402408576313,'bKrQNG-zoH0O',0,47358418961917,NULL,NULL,12);
INSERT INTO moz_places VALUES(76,'https://www.sans.org/cyber-security-courses/open-source-intelligence-gathering',NULL,'gro.snas.www.',1,1,0,25,1627402431496053,'opl6_Nk5rHC3',0,47356971278547,NULL,NULL,42);
INSERT INTO moz_places VALUES(77,'https://www.sans.org/latest/cyber-security-courses/open-source-intelligence-gathering/',NULL,'gro.snas.www.',1,1,0,25,1627402431672713,'KgI1jsqqRryX',0,47357329553570,NULL,NULL,42);
INSERT INTO moz_places VALUES(78,'https://www.sans.org/cyber-security-courses/open-source-intelligence-gathering/','Open-Source Intelligence (OSINT) Gathering Training | SANS SEC487','gro.snas.www.',1,0,0,40,1627402431879466,'OF7gTyefcBzL',0,47357729796915,'SANS SEC487, a foundational course in open-source intelligence (OSINT) gathering, teaches students how to find, gather, and analyze data from the Internet.',NULL,42);
INSERT INTO moz_places VALUES(79,'https://www.google.com/search?q=cape+files&client=ubuntu&hs=Tk8&channel=fs&ei=qDAAYaH4IIufgAba9ZBA&oq=cape+files&gs_lcp=Cgdnd3Mtd2l6EAMyBwguEBMQkwIyBAgAEBMyCAgAEBYQHhATMgoIABAWEAoQHhATMggIABAWEB4QEzIICAAQFhAeEBMyCAgAEBYQHhATMggIABAWEB4QEzIICAAQFhAeEBMyCggAEBYQChAeEBM6BwgAEEcQsAM6CAguELEDEJMCOggILhCxAxCDAToCCC46AggAOgsILhCxAxCDARCTAjoFCC4QkwI6BggAEBYQHkoECEEYAFCnHViBJ2DTLGgBcAJ4AIABpgKIAYsNkgEFMC41LjOYAQCgAQGqAQdnd3Mtd2l6yAEIwAEB&sclient=gws-wiz&ved=0ahUKEwih7N6z0oPyAhWLD8AKHdo6BAgQ4dUDCA4&uact=5','cape files - Buscar con Google','moc.elgoog.www.',1,0,0,100,1627402444169523,'w6clUnfciVJp',0,47358920939386,NULL,NULL,12);
INSERT INTO moz_places VALUES(80,'https://www.google.com/search?q=cape+file&client=ubuntu&hs=Tk8&channel=fs&ei=qDAAYaH4IIufgAba9ZBA&oq=cape+file&gs_lcp=Cgdnd3Mtd2l6EAMyAggAMgYIABAWEB4yBggAEBYQHjIGCAAQFhAeMgYIABAWEB4yBggAEBYQHjIGCAAQFhAeMgYIABAWEB4yBggAEBYQHjIGCAAQFhAeOgcIABBHELADOggILhCxAxCTAjoICC4QsQMQgwE6AgguOgsILhCxAxCDARCTAjoFCC4QkwJKBAhBGABQs2lYud4BYKqFAmgGcAJ4AIAB8wGIAZoJkgEFMC40LjKYAQCgAQGqAQdnd3Mtd2l6yAEIwAEB&sclient=gws-wiz&ved=0ahUKEwih7N6z0oPyAhWLD8AKHdo6BAgQ4dUDCA4&uact=5','cape file - Buscar con Google','moc.elgoog.www.',1,0,0,100,1627402498179803,'8ohFtZo8Gzoe',0,47356797686236,NULL,NULL,12);
INSERT INTO moz_places VALUES(81,'https://www.google.com/search?channel=fs&client=ubuntu&q=hashes','hashes - Buscar con Google','moc.elgoog.www.',1,0,1,2000,1627402527266502,'XlNTXXHaedb3',0,47359158177112,NULL,NULL,12);
INSERT INTO moz_places VALUES(82,'https://www.google.com/search?q=hashes+online&client=ubuntu&hs=Om8&channel=fs&ei=HzEAYYCODpSBhbIPg_GhgAY&oq=hashes+online&gs_lcp=Cgdnd3Mtd2l6EAM6AggAOgQIABAKOgYIABAWEB46CAgAEBYQChAeSgQIQRgBUKAhWL0qYKMraAFwAHgAgAHqAYgBiwqSAQUwLjYuMZgBAKABAaoBB2d3cy13aXrAAQE&sclient=gws-wiz&ved=0ahUKEwjAmavs0oPyAhWUQEEAHYN4CGAQ4dUDCA4&uact=5','hashes online - Buscar con Google','moc.elgoog.www.',1,0,0,100,1627402534015692,'AGQLzRrwQNbl',0,47358493037132,NULL,NULL,12);
INSERT INTO moz_places VALUES(83,'https://hashes.com/',NULL,'moc.sehsah.',1,1,0,25,1627402537314578,'7FoEqBKYaCtn',0,47357278499410,NULL,NULL,43);
INSERT INTO moz_places VALUES(84,'https://hashes.com/en/decrypt/hash','Decrypt MD5, SHA1, MySQL, NTLM, SHA256, SHA512, Wordpress, Bcrypt hashes for free online','moc.sehsah.',1,0,0,175,1627402537549778,'xnjMu0I2HP-k',1,47359047339550,'Decrypt and crack your MD5, SHA1, SHA256, MySQL, and NTLM hashes for free online. We also support Bcrypt, SHA512, Wordpress and many more.',NULL,43);
INSERT INTO moz_places VALUES(85,'https://www.google.com/search?channel=fs&client=ubuntu&q=HaveIbeenPwned','HaveIbeenPwned - Buscar con Google','moc.elgoog.www.',1,0,1,2000,1627402623837125,'uahnVewsmQuu',0,47358845647083,NULL,NULL,12);
INSERT INTO moz_places VALUES(86,'https://haveibeenpwned.com/','Have I Been Pwned: Check if your email has been compromised in a data breach','moc.denwpneebievah.',1,0,0,175,1627402626076911,'JUcQt0-hJtFz',1,47357849893384,'Have I Been Pwned allows you to search across multiple data breaches to see if your email address or phone number has been compromised.','https://haveibeenpwned.com/Content/Images/SocialLogo.png',44);
INSERT INTO moz_places VALUES(87,'https://www.google.com/search?channel=fs&client=ubuntu&q=ViewDNS+reverse+search','ViewDNS reverse search - Buscar con Google','moc.elgoog.www.',1,0,1,2000,1627402758436697,'jEiLtCUW_l4f',0,47359641993342,NULL,NULL,12);
INSERT INTO moz_places VALUES(88,'https://viewdns.info/reversewhois/','Reverse Whois Lookup - ViewDNS.info','ofni.sndweiv.',1,0,0,175,1627402767653027,'jQInpAvzbqFE',1,47357504698726,NULL,NULL,31);
INSERT INTO moz_places VALUES(89,'https://www.google.com/search?channel=fs&client=ubuntu&q=leakeddb','leakeddb - Buscar con Google','moc.elgoog.www.',1,0,1,2000,1627402812457426,'mGNSPSX1Vnck',0,47356726793963,NULL,NULL,12);
INSERT INTO moz_places VALUES(90,'https://www.google.com/search?client=ubuntu&hs=gBo&channel=fs&q=leakedbb&spell=1&sa=X&ved=2ahUKEwi5oKz004PyAhWRGBQKHV-iB1IQBSgAegQIARA1&biw=1098&bih=702','leakedbb - Buscar con Google','moc.elgoog.www.',1,0,0,100,1627402815143059,'tjSaAPsQvVhu',0,47358624391880,NULL,NULL,12);
INSERT INTO moz_places VALUES(91,'https://leakedbb.com/?tab=8','LeakedBB','moc.bbdekael.',2,0,0,200,1627402846486441,'KhYBBCFwcNM5',0,47360030553005,'LeakedBB is the ultimate social community to find the latest leaks.',NULL,45);
INSERT INTO moz_places VALUES(92,'https://leakedsource.ru/','Find the source of your leaks - LeakedSource','ur.ecruosdekael.',1,0,0,175,1627402876223909,'HFd5Tb-C62Im',1,47356810729236,'Have you been hacked? Search hundreds of leaked databases like LinkedIn, MySpace, Dropbox, Ashley Madison and Twitter by name, email, ip address, and phone number!','https://leakedsource.ru/assets/images/lsb.png',46);
INSERT INTO moz_places VALUES(93,'https://www.google.com/search?channel=fs&client=ubuntu&q=Namechk','Namechk - Buscar con Google','moc.elgoog.www.',1,0,1,2000,1627403181695677,'1g_7c6QsEMKA',0,47360102099068,NULL,NULL,12);
INSERT INTO moz_places VALUES(94,'https://namechk.com/','Namechk | Username, Domain, and Trademark Search | Username Registration','moc.khceman.',2,0,0,350,1627403201139633,'3QRFhadetzSa',1,47358359349246,'Have a personal or brand #username you love? Check if it''s taken or available on popular SM sites using Namechk.com #branding','https://namechk.com/assets/share-image-dfeea035aef91c36e163ab2fcaae539eff00ba96c266c7124f4f63ca2878d69b.jpg',47);
INSERT INTO moz_places VALUES(95,'https://www.google.com/search?channel=fs&client=ubuntu&q=username+checker','username checker - Buscar con Google','moc.elgoog.www.',1,0,1,2000,1627403279794036,'VQuLw9glppLB',0,47357022387508,NULL,NULL,12);
INSERT INTO moz_places VALUES(96,'https://checkuser.org/','Username Checker - Social Media Name & Domain Availability Checker','gro.resukcehc.',2,0,0,350,1627403313603999,'GhbDe6695e3H',1,47358284423657,'CheckUser automatically searches over 70 famous social networks for you to see if the username or domain is available or not.',NULL,48);
INSERT INTO moz_places VALUES(97,'https://www.google.com/search?channel=fs&client=ubuntu&q=Tinfoleak','Tinfoleak - Buscar con Google','moc.elgoog.www.',1,0,1,2000,1627403387972183,'EMkTorL_3dpq',0,47356907825892,NULL,NULL,12);
INSERT INTO moz_places VALUES(98,'https://www.isecauditors.com/herramientas-tinfoleak','Tinfoleak | Internet Security Auditors','moc.srotiduacesi.www.',1,0,0,100,1627403413022976,'t8ddxBob3v8X',0,47357566003806,'Tinfoleak v.2.3 - Vicente Aguilera Mirror: www.vicenteaguileradiaz.com | Contacto: vaguilera@isecauditors.com | @VAguileraDiaz | tinfoleak es una herramienta open-source catalogada dentro de las disciplinas OSINT (Open Source Intelligence) y SOCMINT (Socia',NULL,49);
INSERT INTO moz_places VALUES(99,'https://tinfoleak.com/','tinfoleak | Free dossier of a twitter user','moc.kaelofnit.',1,0,0,175,1627403420575141,'e1zP-LBkaEG4',1,47358961702188,'Get free dossier of a twitter user',NULL,50);
INSERT INTO moz_places VALUES(100,'https://www.google.com/search?channel=fs&client=ubuntu&q=socialbearing','socialbearing - Buscar con Google','moc.elgoog.www.',1,0,1,2000,1627403474378605,'UVhV8dsskxdA',0,47359984267466,NULL,NULL,12);
INSERT INTO moz_places VALUES(101,'https://socialbearing.com/','Twitter Analytics for Tweets, Timelines & Twitter Maps | Social Bearing','moc.gniraeblaicos.',1,0,0,175,1627403477333174,'axVnYZSBhmuB',1,47357553293094,'Powerful Twitter analytics. Find, filter and sort tweets or handles by influence, engagement, sentiment, location and more','https://socialbearing.com/assets/images/laptop-tweets-home-2.jpg',51);
INSERT INTO moz_places VALUES(102,'https://www.google.com/search?channel=fs&client=ubuntu&q=pipl','pipl - Buscar con Google','moc.elgoog.www.',1,0,1,2000,1627403519119636,'qqqp8m-4of2h',0,47357741323441,NULL,NULL,12);
INSERT INTO moz_places VALUES(103,'https://pipl.com/','Identity Information SEARCH & API for Professionals | Pipl','moc.lpip.',2,0,0,200,1627403568364576,'ppKQQfvpc1dj',0,47360062634661,'Pipl is the World''s leading provider of identity information services for professional investigation and identity verification applications. Free trial available.','https://assets-global.website-files.com/5d84dd1eb32e460fb41fbbdd/5df8105983983c3219afd114_pipl_open_graph.jpg',52);
INSERT INTO moz_places VALUES(104,'https://pipl.com/identity-verification-and-fraud','Pipl Identity Information for Identity Verification and Fraud','moc.lpip.',1,0,0,100,1627403535562583,'rmX2G1bzrMtY',0,47357007410626,'Used by top ecommerce and financial services companies. Pipl''s realtime identity information solutions reduce risk and provide frictionless customer experiences.',NULL,52);
INSERT INTO moz_places VALUES(105,'https://www.adslzone.net/reportajes/internet/pipl-buscar-personas/','Qué es PIPL, qué servicios ofrece y cómo empezar a usarlo','ten.enozlsda.www.',1,0,0,100,1627403557449791,'Ty6J5Q95p9Ua',0,47357289720253,'Guía sobre el uso y funcionamiento de Pipl, un buscador de personas en Internet: qué servicios ofrece, cuáles son sus precios y cómo se usa.','https://www.adslzone.net/app/uploads-adslzone.net/2021/05/pipl.jpg',53);
INSERT INTO moz_places VALUES(106,'https://pipl.com/privacy-documents/my-information-privacy','My Information Privacy','moc.lpip.',1,0,0,100,1627403586539977,'JN9Dfg0BsU2G',0,47359364329654,'Pipl is an advocate for every individual''s personal information privacy, security and rights. Learn about Pipl''s policies, process compliance and certifications here.',NULL,52);
INSERT INTO moz_places VALUES(107,'https://pipl.com/#','Identity Information SEARCH & API for Professionals | Pipl','moc.lpip.',2,0,0,200,1627403665551067,'l4-CVAjfopcU',0,47360304478680,NULL,NULL,52);
INSERT INTO moz_places VALUES(108,'https://pipl.com/search/',NULL,'moc.lpip.',3,0,1,2050,1627403765925213,'uzHbpJ3AbODp',0,47359686537977,NULL,NULL,52);
INSERT INTO moz_places VALUES(109,'https://pipl.com/search/login/pipl/?next=/search/',NULL,'moc.lpip.',3,1,0,2050,1627403766181303,'jDOUc3X0kE-h',0,47358095111982,NULL,NULL,52);
INSERT INTO moz_places VALUES(110,'https://pipl.com/accounts/o/authorize/?client_id=Eds%3F_R1pxkQp5fZR_C2AiLQKg-rNzfNZ4iY93.J%3F&redirect_uri=https%3A%2F%2Fpipl.com%2Fsearch%2Fcomplete%2Fpipl%2F&state=4Uvm9EJ292ttoYINfw9hY64dkpTADpa5&response_type=code',NULL,'moc.lpip.',3,1,0,75,1627403766500714,'sX3td6DOL-tJ',0,47359880039086,NULL,NULL,52);
INSERT INTO moz_places VALUES(111,'https://pipl.com/accounts/login/?next=/accounts/o/authorize/%3Fclient_id%3DEds%253F_R1pxkQp5fZR_C2AiLQKg-rNzfNZ4iY93.J%253F%26redirect_uri%3Dhttps%253A%252F%252Fpipl.com%252Fsearch%252Fcomplete%252Fpipl%252F%26state%3D4Uvm9EJ292ttoYINfw9hY64dkpTADpa5%26response_type%3Dcode','Iniciar sesión','moc.lpip.',3,0,0,120,1627403766783889,'hya4KJIj8fPO',0,47356871510487,NULL,NULL,52);
INSERT INTO moz_places VALUES(112,'http://images.google.es/',NULL,'se.elgoog.segami.',1,1,1,2000,1627404136862158,'haiQLwzdkpWm',0,125509054853172,NULL,NULL,54);
INSERT INTO moz_places VALUES(113,'https://images.google.es/?gws_rd=ssl','Imágenes de Google','se.elgoog.segami.',1,0,0,2075,1627404137238737,'xuKJfuQTMxmA',1,47359874331728,'Imágenes de Google. La búsqueda de imágenes más completa de la Web.',NULL,55);
INSERT INTO moz_places VALUES(114,'http://spyse.com/',NULL,'moc.esyps.',1,0,1,2000,1627404228828725,'y3kpUuOB2WgF',0,125509154866337,NULL,NULL,56);
INSERT INTO moz_places VALUES(115,'https://spyse.com/','Spyse — Internet Assets Search Engine','moc.esyps.',1,0,0,2075,1627404230518344,'N3yS3kLTbqRP',1,47356783197015,'Spyse is a search engine built for a quick cyber intelligence of IT infrastructures, networks, and even the smallest parts of the internet.','https://spyse.com/meta/spyse-og-v2.png',10);
INSERT INTO moz_places VALUES(116,'https://www.google.com/search?channel=fs&client=ubuntu&q=osintframework','osintframework - Buscar con Google','moc.elgoog.www.',1,0,1,2000,1627404347243402,'ilBeSjRugS1n',0,47358353624753,NULL,NULL,12);
INSERT INTO moz_places VALUES(117,'https://osintframework.com/','OSINT Framework','moc.krowemarftniso.',1,0,0,175,1627404351755445,'geaNU1KHZjnc',1,47360543268800,NULL,NULL,11);
CREATE TABLE moz_historyvisits (  id INTEGER PRIMARY KEY, from_visit INTEGER, place_id INTEGER, visit_date INTEGER, visit_type INTEGER, session INTEGER);
INSERT INTO moz_historyvisits VALUES(1,0,1,1627123084350278,1,0);
INSERT INTO moz_historyvisits VALUES(2,1,10,1627123084612264,5,0);
INSERT INTO moz_historyvisits VALUES(3,0,12,1627123117660084,1,0);
INSERT INTO moz_historyvisits VALUES(4,3,13,1627123119853098,1,0);
INSERT INTO moz_historyvisits VALUES(5,0,14,1627394243930718,2,0);
INSERT INTO moz_historyvisits VALUES(6,5,15,1627394250462542,1,0);
INSERT INTO moz_historyvisits VALUES(7,0,16,1627394497482031,1,0);
INSERT INTO moz_historyvisits VALUES(8,0,17,1627394499216704,1,0);
INSERT INTO moz_historyvisits VALUES(9,8,18,1627394500672429,1,0);
INSERT INTO moz_historyvisits VALUES(10,0,8,1627395986985401,3,0);
INSERT INTO moz_historyvisits VALUES(11,10,19,1627395987236285,6,0);
INSERT INTO moz_historyvisits VALUES(12,11,20,1627395988004509,1,0);
INSERT INTO moz_historyvisits VALUES(13,12,21,1627395988118610,6,0);
INSERT INTO moz_historyvisits VALUES(14,13,20,1627395988295612,6,0);
INSERT INTO moz_historyvisits VALUES(15,0,22,1627399121030840,2,0);
INSERT INTO moz_historyvisits VALUES(16,15,23,1627399121690916,6,0);
INSERT INTO moz_historyvisits VALUES(17,0,24,1627399183315305,2,0);
INSERT INTO moz_historyvisits VALUES(18,0,25,1627399207618382,2,0);
INSERT INTO moz_historyvisits VALUES(19,0,26,1627399235527870,2,0);
INSERT INTO moz_historyvisits VALUES(20,0,27,1627399255281300,2,0);
INSERT INTO moz_historyvisits VALUES(21,0,5,1627399350715226,3,0);
INSERT INTO moz_historyvisits VALUES(22,0,27,1627399463573216,2,0);
INSERT INTO moz_historyvisits VALUES(23,0,28,1627399518893185,2,0);
INSERT INTO moz_historyvisits VALUES(24,0,29,1627399546041832,2,0);
INSERT INTO moz_historyvisits VALUES(25,0,30,1627400547471091,2,0);
INSERT INTO moz_historyvisits VALUES(26,25,31,1627400548364970,5,0);
INSERT INTO moz_historyvisits VALUES(27,26,32,1627400549136241,5,0);
INSERT INTO moz_historyvisits VALUES(28,0,33,1627400584344751,2,0);
INSERT INTO moz_historyvisits VALUES(29,0,34,1627400587030155,1,0);
INSERT INTO moz_historyvisits VALUES(30,29,35,1627400602353705,1,0);
INSERT INTO moz_historyvisits VALUES(31,30,36,1627400602358105,5,0);
INSERT INTO moz_historyvisits VALUES(32,31,37,1627400602971885,5,0);
INSERT INTO moz_historyvisits VALUES(33,0,33,1627400690724802,2,0);
INSERT INTO moz_historyvisits VALUES(34,0,38,1627400695409497,1,0);
INSERT INTO moz_historyvisits VALUES(35,0,39,1627400870028138,2,0);
INSERT INTO moz_historyvisits VALUES(36,0,40,1627400875034755,1,0);
INSERT INTO moz_historyvisits VALUES(37,0,40,1627400889438740,2,0);
INSERT INTO moz_historyvisits VALUES(38,0,41,1627400994505873,2,0);
INSERT INTO moz_historyvisits VALUES(39,0,42,1627401012572629,2,0);
INSERT INTO moz_historyvisits VALUES(40,0,43,1627401018338149,1,0);
INSERT INTO moz_historyvisits VALUES(41,0,44,1627401038288495,1,0);
INSERT INTO moz_historyvisits VALUES(42,41,45,1627401065947390,1,0);
INSERT INTO moz_historyvisits VALUES(43,0,46,1627401091298734,2,0);
INSERT INTO moz_historyvisits VALUES(44,0,47,1627401095532219,1,0);
INSERT INTO moz_historyvisits VALUES(45,0,48,1627401106227112,1,0);
INSERT INTO moz_historyvisits VALUES(46,0,40,1627401214787007,2,0);
INSERT INTO moz_historyvisits VALUES(47,0,49,1627401361496035,2,0);
INSERT INTO moz_historyvisits VALUES(48,0,50,1627401409484455,1,0);
INSERT INTO moz_historyvisits VALUES(49,0,51,1627401456183968,2,0);
INSERT INTO moz_historyvisits VALUES(50,0,52,1627401459684476,1,0);
INSERT INTO moz_historyvisits VALUES(51,0,53,1627401500010648,2,0);
INSERT INTO moz_historyvisits VALUES(52,0,54,1627401503302499,1,0);
INSERT INTO moz_historyvisits VALUES(53,0,55,1627401510790625,1,0);
INSERT INTO moz_historyvisits VALUES(54,0,56,1627401596953392,2,0);
INSERT INTO moz_historyvisits VALUES(55,0,57,1627401599697032,1,0);
INSERT INTO moz_historyvisits VALUES(56,55,58,1627401599903112,6,0);
INSERT INTO moz_historyvisits VALUES(57,0,59,1627401652465472,2,0);
INSERT INTO moz_historyvisits VALUES(58,0,60,1627401656829623,1,0);
INSERT INTO moz_historyvisits VALUES(59,0,61,1627401687450705,1,0);
INSERT INTO moz_historyvisits VALUES(60,0,62,1627401718840591,1,0);
INSERT INTO moz_historyvisits VALUES(61,57,63,1627401736433830,1,0);
INSERT INTO moz_historyvisits VALUES(62,0,64,1627401741685520,1,0);
INSERT INTO moz_historyvisits VALUES(63,0,65,1627401765960836,2,0);
INSERT INTO moz_historyvisits VALUES(64,0,66,1627401770432849,1,0);
INSERT INTO moz_historyvisits VALUES(65,0,67,1627401855019915,2,0);
INSERT INTO moz_historyvisits VALUES(66,0,68,1627401862446972,1,0);
INSERT INTO moz_historyvisits VALUES(67,0,69,1627402196240684,2,0);
INSERT INTO moz_historyvisits VALUES(68,0,70,1627402202058036,1,0);
INSERT INTO moz_historyvisits VALUES(69,68,71,1627402226765168,1,0);
INSERT INTO moz_historyvisits VALUES(70,69,72,1627402230827597,1,0);
INSERT INTO moz_historyvisits VALUES(71,0,73,1627402364514205,2,0);
INSERT INTO moz_historyvisits VALUES(72,71,74,1627402388905715,1,0);
INSERT INTO moz_historyvisits VALUES(73,72,75,1627402408576313,1,0);
INSERT INTO moz_historyvisits VALUES(74,0,76,1627402431496053,1,0);
INSERT INTO moz_historyvisits VALUES(75,74,77,1627402431672713,6,0);
INSERT INTO moz_historyvisits VALUES(76,75,78,1627402431879466,6,0);
INSERT INTO moz_historyvisits VALUES(77,73,79,1627402444169523,1,0);
INSERT INTO moz_historyvisits VALUES(78,73,80,1627402498179803,1,0);
INSERT INTO moz_historyvisits VALUES(79,0,81,1627402527266502,2,0);
INSERT INTO moz_historyvisits VALUES(80,79,82,1627402534015692,1,0);
INSERT INTO moz_historyvisits VALUES(81,0,83,1627402537314578,1,0);
INSERT INTO moz_historyvisits VALUES(82,81,84,1627402537549778,5,0);
INSERT INTO moz_historyvisits VALUES(83,0,85,1627402623837125,2,0);
INSERT INTO moz_historyvisits VALUES(84,0,86,1627402626076911,1,0);
INSERT INTO moz_historyvisits VALUES(85,0,87,1627402758436697,2,0);
INSERT INTO moz_historyvisits VALUES(86,0,88,1627402767653027,1,0);
INSERT INTO moz_historyvisits VALUES(87,0,89,1627402812457426,2,0);
INSERT INTO moz_historyvisits VALUES(88,87,90,1627402815143059,1,0);
INSERT INTO moz_historyvisits VALUES(89,0,91,1627402819530887,1,0);
INSERT INTO moz_historyvisits VALUES(90,0,91,1627402846486441,1,0);
INSERT INTO moz_historyvisits VALUES(91,0,92,1627402876223909,1,0);
INSERT INTO moz_historyvisits VALUES(92,0,93,1627403181695677,2,0);
INSERT INTO moz_historyvisits VALUES(93,0,94,1627403186723716,1,0);
INSERT INTO moz_historyvisits VALUES(94,0,94,1627403201139633,1,0);
INSERT INTO moz_historyvisits VALUES(95,0,95,1627403279794036,2,0);
INSERT INTO moz_historyvisits VALUES(96,0,96,1627403288210496,1,0);
INSERT INTO moz_historyvisits VALUES(97,0,96,1627403313603999,1,0);
INSERT INTO moz_historyvisits VALUES(98,0,97,1627403387972183,2,0);
INSERT INTO moz_historyvisits VALUES(99,0,98,1627403413022976,1,0);
INSERT INTO moz_historyvisits VALUES(100,0,99,1627403420575141,1,0);
INSERT INTO moz_historyvisits VALUES(101,0,100,1627403474378605,2,0);
INSERT INTO moz_historyvisits VALUES(102,0,101,1627403477333174,1,0);
INSERT INTO moz_historyvisits VALUES(103,0,102,1627403519119636,2,0);
INSERT INTO moz_historyvisits VALUES(104,0,103,1627403522191230,1,0);
INSERT INTO moz_historyvisits VALUES(105,104,104,1627403535562583,1,0);
INSERT INTO moz_historyvisits VALUES(106,0,105,1627403557449791,1,0);
INSERT INTO moz_historyvisits VALUES(107,106,103,1627403568364576,1,0);
INSERT INTO moz_historyvisits VALUES(108,107,106,1627403586539977,1,0);
INSERT INTO moz_historyvisits VALUES(109,0,107,1627403646383497,1,0);
INSERT INTO moz_historyvisits VALUES(110,109,108,1627403648602249,1,0);
INSERT INTO moz_historyvisits VALUES(111,110,109,1627403648825632,6,0);
INSERT INTO moz_historyvisits VALUES(112,111,110,1627403649162622,6,0);
INSERT INTO moz_historyvisits VALUES(113,112,111,1627403649503405,6,0);
INSERT INTO moz_historyvisits VALUES(114,0,107,1627403665551067,1,0);
INSERT INTO moz_historyvisits VALUES(115,0,108,1627403677659037,2,0);
INSERT INTO moz_historyvisits VALUES(116,115,109,1627403677909951,6,0);
INSERT INTO moz_historyvisits VALUES(117,116,110,1627403678133963,6,0);
INSERT INTO moz_historyvisits VALUES(118,117,111,1627403678396390,6,0);
INSERT INTO moz_historyvisits VALUES(119,0,108,1627403765925213,3,0);
INSERT INTO moz_historyvisits VALUES(120,119,109,1627403766181303,6,0);
INSERT INTO moz_historyvisits VALUES(121,120,110,1627403766500714,6,0);
INSERT INTO moz_historyvisits VALUES(122,121,111,1627403766783889,6,0);
INSERT INTO moz_historyvisits VALUES(123,0,112,1627404136862158,2,0);
INSERT INTO moz_historyvisits VALUES(124,123,113,1627404137238737,6,0);
INSERT INTO moz_historyvisits VALUES(125,0,114,1627404228828725,2,0);
INSERT INTO moz_historyvisits VALUES(126,125,115,1627404230518344,5,0);
INSERT INTO moz_historyvisits VALUES(127,0,116,1627404347243402,2,0);
INSERT INTO moz_historyvisits VALUES(128,0,117,1627404351755445,1,0);
INSERT INTO moz_historyvisits VALUES(129,0,55,1627468022228042,3,0);
CREATE TABLE moz_inputhistory (  place_id INTEGER NOT NULL, input LONGVARCHAR NOT NULL, use_count INTEGER, PRIMARY KEY (place_id, input));
CREATE TABLE moz_bookmarks (  id INTEGER PRIMARY KEY, type INTEGER, fk INTEGER DEFAULT NULL, parent INTEGER, position INTEGER, title LONGVARCHAR, keyword_id INTEGER, folder_type TEXT, dateAdded INTEGER, lastModified INTEGER, guid TEXT, syncStatus INTEGER NOT NULL DEFAULT 0, syncChangeCounter INTEGER NOT NULL DEFAULT 1);
INSERT INTO moz_bookmarks VALUES(1,2,NULL,0,0,'',NULL,NULL,1627123084201000,1627550917535000,'root________',1,1);
INSERT INTO moz_bookmarks VALUES(2,2,NULL,1,0,'menu',NULL,NULL,1627123084201000,1627400446713000,'menu________',1,5);
INSERT INTO moz_bookmarks VALUES(3,2,NULL,1,1,'toolbar',NULL,NULL,1627123084201000,1627550917535000,'toolbar_____',1,31);
INSERT INTO moz_bookmarks VALUES(4,2,NULL,1,2,'tags',NULL,NULL,1627123084201000,1627123084201000,'tags________',1,1);
INSERT INTO moz_bookmarks VALUES(5,2,NULL,1,3,'unfiled',NULL,NULL,1627123084201000,1627465773219000,'unfiled_____',1,6);
INSERT INTO moz_bookmarks VALUES(6,2,NULL,1,4,'mobile',NULL,NULL,1627123084217000,1627123084550000,'mobile______',1,2);
INSERT INTO moz_bookmarks VALUES(18,2,NULL,4,0,'osint',NULL,NULL,1627033127598000,1627399419925000,'6mQrdFj8cRgK',1,12);
INSERT INTO moz_bookmarks VALUES(19,1,5,18,0,NULL,NULL,NULL,1627033127599000,1627033165338000,'iqjXWqLHmKQN',1,4);
INSERT INTO moz_bookmarks VALUES(20,1,6,18,1,NULL,NULL,NULL,1627033127602000,1627033165339000,'7mRUgYKggCL7',1,4);
INSERT INTO moz_bookmarks VALUES(21,1,7,18,2,NULL,NULL,NULL,1627033127604000,1627033165339000,'-3UlBqc7PZL0',1,4);
INSERT INTO moz_bookmarks VALUES(22,1,8,18,3,NULL,NULL,NULL,1627033127605000,1627033165340000,'LbmItcuzkpML',1,4);
INSERT INTO moz_bookmarks VALUES(23,1,9,18,4,NULL,NULL,NULL,1627033127609000,1627033165340000,'z-pusxZxdTcl',1,5);
INSERT INTO moz_bookmarks VALUES(24,2,NULL,4,1,'web',NULL,NULL,1627033127611000,1627033127611000,'CW3ySl7iGWtz',1,2);
INSERT INTO moz_bookmarks VALUES(25,1,9,24,0,NULL,NULL,NULL,1627033127611000,1627033127611000,'0paVmmcOgNZh',1,3);
INSERT INTO moz_bookmarks VALUES(45,2,NULL,3,0,'Buscadores',NULL,NULL,1627399105437000,1627404423689000,'hzm92wiA9dm4',1,12);
INSERT INTO moz_bookmarks VALUES(46,1,23,45,0,'Google',NULL,NULL,1627399131880000,1627399148443000,'zT4Jt80Q44jM',1,3);
INSERT INTO moz_bookmarks VALUES(47,1,24,45,1,'Bing',NULL,NULL,1627399185676000,1627399185676000,'QPzjum7IfBo7',1,1);
INSERT INTO moz_bookmarks VALUES(48,1,25,45,2,'Baidu',NULL,NULL,1627399210455000,1627399218771000,'OpLJYF0G8-8a',1,2);
INSERT INTO moz_bookmarks VALUES(49,1,26,45,3,'Yandex',NULL,NULL,1627399238903000,1627399238903000,'vU1vpPbG7CiU',1,1);
INSERT INTO moz_bookmarks VALUES(50,1,27,45,4,'DuckDuckGo — La privacidad, simplificada.',NULL,NULL,1627399257072000,1627399257072000,'RqTLB2AFMWUq',1,1);
INSERT INTO moz_bookmarks VALUES(51,1,28,45,5,'Google Hacking Database (GHDB) - Google Dorks, OSINT, Recon',NULL,NULL,1627399523013000,1627399523013000,'Ty4WemYGD42l',1,1);
INSERT INTO moz_bookmarks VALUES(52,1,29,45,6,'Internet Archive: Digital Library of Free & Borrowable Books, Movies, Music & Wayback Machine',NULL,NULL,1627399556016000,1627399556016000,'jZWoQWVSP0mD',1,1);
INSERT INTO moz_bookmarks VALUES(54,1,32,80,3,'Shodan Search Engine',NULL,NULL,1627400553367000,1627404683661000,'OOZ6qBgZgg_E',1,4);
INSERT INTO moz_bookmarks VALUES(55,1,38,80,0,'Censys Search',NULL,NULL,1627400705438000,1627404021748000,'O9DCTAEn7puh',1,2);
INSERT INTO moz_bookmarks VALUES(56,1,40,80,1,'ZoomEye',NULL,NULL,1627401218066000,1627404028568000,'D0IEQ54gVc0h',1,3);
INSERT INTO moz_bookmarks VALUES(57,2,NULL,3,3,'Direcciones IP',NULL,NULL,1627401306088000,1627465800811000,'xdZbLKUcPkva',1,14);
INSERT INTO moz_bookmarks VALUES(58,1,50,57,0,'ViewDNS.info - Your one source for DNS related tools!',NULL,NULL,1627401413715000,1627401420521000,'6tI1fJpFoylF',1,2);
INSERT INTO moz_bookmarks VALUES(59,1,52,57,1,'AbuseIPDB - IP address abuse reports - Making the Internet safer, one IP at a time',NULL,NULL,1627401463924000,1627401463924000,'BXiHBRM5Cc48',1,1);
INSERT INTO moz_bookmarks VALUES(60,1,55,57,2,'IP Address Fraud Check',NULL,NULL,1627401519453000,1627401519453000,'ySwHnc4lCBUy',1,1);
INSERT INTO moz_bookmarks VALUES(61,1,58,57,3,'VirusTotal',NULL,NULL,1627401602289000,1627401602289000,'9ycYH0F2Jkjd',1,1);
INSERT INTO moz_bookmarks VALUES(62,1,66,57,4,'Welcome to Robtex!',NULL,NULL,1627401777599000,1627401777599000,'wiEPSDFu8gKu',1,1);
INSERT INTO moz_bookmarks VALUES(63,2,NULL,3,4,'Dominios',NULL,NULL,1627401886643000,1627465790607000,'9FG-9AUWLE3U',1,7);
INSERT INTO moz_bookmarks VALUES(64,1,68,63,0,'Whois Lookup, Domain Availability & IP Search - DomainTools',NULL,NULL,1627401894142000,1627401898509000,'mFYIopw0Htxe',1,2);
INSERT INTO moz_bookmarks VALUES(65,2,NULL,3,5,'Hashes y ficheros',NULL,NULL,1627402260142000,1627402717577000,'sjkS6DlNTa7F',1,8);
INSERT INTO moz_bookmarks VALUES(66,1,70,65,0,'Koodous',NULL,NULL,1627402272052000,1627402277839000,'sW0s9tibZn1o',1,2);
INSERT INTO moz_bookmarks VALUES(67,1,84,65,1,'Decrypt MD5, SHA1, MySQL, NTLM, SHA256, SHA512, Wordpress, Bcrypt hashes for free online',NULL,NULL,1627402563313000,1627402563313000,'C3ImhJLwfQlM',1,1);
INSERT INTO moz_bookmarks VALUES(69,2,NULL,3,2,'Correos electrónicos',NULL,NULL,1627402697362000,1627465810331000,'w6G9lHUIqn6O',1,7);
INSERT INTO moz_bookmarks VALUES(70,1,86,69,0,'Have I Been Pwned: Check if your email has been compromised in a data breach',NULL,NULL,1627402710842000,1627402717577000,'ckbLtGOC_nOa',1,2);
INSERT INTO moz_bookmarks VALUES(71,1,88,69,1,'Reverse Whois Lookup - ViewDNS.info',NULL,NULL,1627402776613000,1627402776613000,'sl3vs3GAQEtS',1,1);
INSERT INTO moz_bookmarks VALUES(72,1,92,69,2,'Find the source of your leaks - LeakedSource',NULL,NULL,1627402901271000,1627402901271000,'Xyw1lGeGFdFx',1,1);
INSERT INTO moz_bookmarks VALUES(73,2,NULL,3,7,'Usuarios',NULL,NULL,1627403232892000,1627403431408000,'6SrTqv2siOQ8',1,6);
INSERT INTO moz_bookmarks VALUES(74,1,94,73,0,'Namechk | Username, Domain, and Trademark Search | Username Registration',NULL,NULL,1627403243489000,1627403251452000,'fNIVRIDIc5Ma',1,2);
INSERT INTO moz_bookmarks VALUES(75,1,96,73,1,'Username Checker - Social Media Name & Domain Availability Checker',NULL,NULL,1627403317728000,1627403317728000,'hKgAI2cWcIm2',1,1);
INSERT INTO moz_bookmarks VALUES(76,2,NULL,3,6,'Redes sociales',NULL,NULL,1627403402883000,1627550917535000,'E4PmGIhjMu7N',1,10);
INSERT INTO moz_bookmarks VALUES(77,1,99,76,0,'tinfoleak | Free dossier of a twitter user',NULL,NULL,1627403424965000,1627403431408000,'FwMGAFzDARcG',1,2);
INSERT INTO moz_bookmarks VALUES(78,1,101,76,1,'Twitter Analytics for Tweets, Timelines & Twitter Maps | Social Bearing',NULL,NULL,1627403480745000,1627403480745000,'KexlN5o26wOq',1,1);
INSERT INTO moz_bookmarks VALUES(80,2,NULL,3,1,'Buscador de  Servicios e imágenes',NULL,NULL,1627404001402000,1627465822145000,'Fs2OQoe_8EXU',1,8);
INSERT INTO moz_bookmarks VALUES(81,1,113,80,2,'Imágenes de Google',NULL,NULL,1627404142762000,1627404153325000,'WxR_Tdv5ETRQ',1,2);
INSERT INTO moz_bookmarks VALUES(82,1,115,57,5,'Spyse — Internet Assets Search Engine',NULL,NULL,1627404239708000,1627404244454000,'zAT54htmmkyV',1,2);
INSERT INTO moz_bookmarks VALUES(83,1,117,45,7,'OSINT Framework',NULL,NULL,1627404354077000,1627404373559000,'23ddMqZxvHpW',1,2);
CREATE TABLE moz_bookmarks_deleted (  guid TEXT PRIMARY KEY, dateRemoved INTEGER NOT NULL DEFAULT 0);
CREATE TABLE moz_keywords (  id INTEGER PRIMARY KEY AUTOINCREMENT, keyword TEXT UNIQUE, place_id INTEGER, post_data TEXT);
CREATE TABLE moz_anno_attributes (  id INTEGER PRIMARY KEY, name VARCHAR(32) UNIQUE NOT NULL);
CREATE TABLE moz_annos (  id INTEGER PRIMARY KEY, place_id INTEGER NOT NULL, anno_attribute_id INTEGER, content LONGVARCHAR, flags INTEGER DEFAULT 0, expiration INTEGER DEFAULT 0, type INTEGER DEFAULT 0, dateAdded INTEGER DEFAULT 0, lastModified INTEGER DEFAULT 0);
CREATE TABLE moz_items_annos (  id INTEGER PRIMARY KEY, item_id INTEGER NOT NULL, anno_attribute_id INTEGER, content LONGVARCHAR, flags INTEGER DEFAULT 0, expiration INTEGER DEFAULT 0, type INTEGER DEFAULT 0, dateAdded INTEGER DEFAULT 0, lastModified INTEGER DEFAULT 0);
CREATE TABLE moz_meta (key TEXT PRIMARY KEY, value NOT NULL) WITHOUT ROWID ;
INSERT INTO moz_meta VALUES('bookmarks/lastusedfolders','data:application/json;base64,WyJoem05MndpQTlkbTQiLCJ4ZFpiTEtVY1BrdmEiLCJGczJPUW9lXzhFWFUiLCJFNFBtR0loak11N04iLCI2U3JUcXYyc2lPUTgiLCJ3Nkc5bEhVSXFuNk8iLCJzamtTNkRsTlRhN0YiXQ==');
INSERT INTO moz_meta VALUES('origin_frecency_count',55);
INSERT INTO moz_meta VALUES('origin_frecency_sum',98616.999999999999998);
INSERT INTO moz_meta VALUES('origin_frecency_sum_of_squares',2719907777.0);
INSERT INTO moz_meta VALUES('sync/bookmarks/wiperemote',1);
ANALYZE sqlite_master;
INSERT INTO sqlite_stat1 VALUES('moz_places','moz_places_originidindex','13 2');
INSERT INTO sqlite_stat1 VALUES('moz_places','moz_places_guid_uniqueindex','13 1');
INSERT INTO sqlite_stat1 VALUES('moz_places','moz_places_lastvisitdateindex','13 3');
INSERT INTO sqlite_stat1 VALUES('moz_places','moz_places_frecencyindex','13 5');
INSERT INTO sqlite_stat1 VALUES('moz_places','moz_places_visitcount','13 7');
INSERT INTO sqlite_stat1 VALUES('moz_places','moz_places_hostindex','13 2');
INSERT INTO sqlite_stat1 VALUES('moz_places','moz_places_url_hashindex','13 1');
INSERT INTO sqlite_stat1 VALUES('moz_bookmarks','moz_bookmarks_guid_uniqueindex','17 1');
INSERT INTO sqlite_stat1 VALUES('moz_bookmarks','moz_bookmarks_dateaddedindex','17 5');
INSERT INTO sqlite_stat1 VALUES('moz_bookmarks','moz_bookmarks_itemlastmodifiedindex','17 2 2');
INSERT INTO sqlite_stat1 VALUES('moz_bookmarks','moz_bookmarks_parentindex','17 3 1');
INSERT INTO sqlite_stat1 VALUES('moz_bookmarks','moz_bookmarks_itemindex','17 2 2');
INSERT INTO sqlite_stat1 VALUES('moz_places','moz_places_originidindex','9 2');
INSERT INTO sqlite_stat1 VALUES('moz_places','moz_places_guid_uniqueindex','9 1');
INSERT INTO sqlite_stat1 VALUES('moz_places','moz_places_lastvisitdateindex','9 5');
INSERT INTO sqlite_stat1 VALUES('moz_places','moz_places_frecencyindex','9 5');
INSERT INTO sqlite_stat1 VALUES('moz_places','moz_places_visitcount','9 5');
INSERT INTO sqlite_stat1 VALUES('moz_places','moz_places_hostindex','9 2');
INSERT INTO sqlite_stat1 VALUES('moz_places','moz_places_url_hashindex','9 1');
INSERT INTO sqlite_stat1 VALUES('moz_bookmarks','moz_bookmarks_guid_uniqueindex','25 1');
INSERT INTO sqlite_stat1 VALUES('moz_bookmarks','moz_bookmarks_dateaddedindex','25 2');
INSERT INTO sqlite_stat1 VALUES('moz_bookmarks','moz_bookmarks_itemlastmodifiedindex','25 3 2');
INSERT INTO sqlite_stat1 VALUES('moz_bookmarks','moz_bookmarks_parentindex','25 3 1');
INSERT INTO sqlite_stat1 VALUES('moz_bookmarks','moz_bookmarks_itemindex','25 3 3');
INSERT INTO sqlite_stat1 VALUES('moz_historyvisits','moz_historyvisits_dateindex','24 1');
INSERT INTO sqlite_stat1 VALUES('moz_historyvisits','moz_historyvisits_fromindex','24 3');
INSERT INTO sqlite_stat1 VALUES('moz_historyvisits','moz_historyvisits_placedateindex','24 2 1');
DELETE FROM sqlite_sequence;
CREATE INDEX moz_places_url_hashindex ON moz_places (url_hash);
CREATE INDEX moz_places_hostindex ON moz_places (rev_host);
CREATE INDEX moz_places_visitcount ON moz_places (visit_count);
CREATE INDEX moz_places_frecencyindex ON moz_places (frecency);
CREATE INDEX moz_places_lastvisitdateindex ON moz_places (last_visit_date);
CREATE UNIQUE INDEX moz_places_guid_uniqueindex ON moz_places (guid);
CREATE INDEX moz_places_originidindex ON moz_places (origin_id);
CREATE INDEX moz_historyvisits_placedateindex ON moz_historyvisits (place_id, visit_date);
CREATE INDEX moz_historyvisits_fromindex ON moz_historyvisits (from_visit);
CREATE INDEX moz_historyvisits_dateindex ON moz_historyvisits (visit_date);
CREATE INDEX moz_bookmarks_itemindex ON moz_bookmarks (fk, type);
CREATE INDEX moz_bookmarks_parentindex ON moz_bookmarks (parent, position);
CREATE INDEX moz_bookmarks_itemlastmodifiedindex ON moz_bookmarks (fk, lastModified);
CREATE INDEX moz_bookmarks_dateaddedindex ON moz_bookmarks (dateAdded);
CREATE UNIQUE INDEX moz_bookmarks_guid_uniqueindex ON moz_bookmarks (guid);
CREATE UNIQUE INDEX moz_keywords_placepostdata_uniqueindex ON moz_keywords (place_id, post_data);
CREATE UNIQUE INDEX moz_annos_placeattributeindex ON moz_annos (place_id, anno_attribute_id);
CREATE UNIQUE INDEX moz_items_annos_itemattributeindex ON moz_items_annos (item_id, anno_attribute_id);
COMMIT;
